ID,PRICE
845,2338928.0
1924,805744.0
10718,1163904.0
12076,6846064.0
12254,1849232.0
9950,2868640.0
1548,2572480.0
526,1068864.0
6776,785280.0
1851,1333264.0
9188,1915104.0
3382,3161360.0
242,2423968.0
6439,1817104.0
1561,2548656.0
5339,2543504.0
7387,2440320.0
11576,1809536.0
5984,4602576.0
4486,1795376.0
2205,644384.0
3468,1188400.0
4226,2309792.0
2088,2363728.0
2118,2919184.0
8036,1467360.0
23,1101952.0
1898,2151712.0
6976,2734656.0
1465,3106400.0
2040,1445968.0
482,953168.0
5122,1829072.0
3447,1054864.0
12877,2402560.0
3780,1221872.0
1285,1659264.0
9200,2062432.0
921,3491920.0
3060,2838480.0
1082,870256.0
71,3034256.0
4464,1848880.0
4576,3532336.0
897,2890416.0
1756,590256.0
8745,2503504.0
806,1473472.0
803,1436064.0
7613,1493680.0
243,1219584.0
8135,1180560.0
1527,2217760.0
2825,1218512.0
666,894736.0
12028,1445200.0
2308,2061392.0
11223,1470368.0
1479,481856.0
2057,2381552.0
2368,963232.0
7638,2765248.0
432,2322288.0
9800,1189344.0
2140,3235600.0
837,2071392.0
3227,1994880.0
12412,2662032.0
10267,1283216.0
3850,3677120.0
382,4251360.0
1280,2378432.0
2226,4467056.0
4166,3095312.0
5208,3045952.0
4513,1607168.0
10814,3152928.0
3120,2856304.0
7915,1974880.0
3513,2363584.0
9041,1272400.0
561,1251472.0
11041,2819040.0
2920,2962960.0
2042,806928.0
10220,1907664.0
11511,1723184.0
8424,2848816.0
5801,3181632.0
10746,1127680.0
11018,967824.0
816,347184.0
10413,1622032.0
4471,2976608.0
1928,1929232.0
323,1811344.0
11548,2985520.0
12564,3017552.0
5817,3331968.0
1030,1314144.0
3888,1862288.0
2427,1983680.0
5378,1802960.0
3701,1622656.0
4536,1457712.0
3799,2861360.0
9431,2296272.0
10878,1158288.0
2028,558896.0
5598,2231216.0
5828,5399200.0
2842,2204800.0
279,2177968.0
4812,2187840.0
11406,1945600.0
1086,1356656.0
2696,1075520.0
9220,985984.0
1496,1376064.0
3737,1117120.0
12211,3686560.0
1556,1928064.0
1066,1280976.0
1836,1018832.0
10913,1030576.0
1868,1401216.0
12610,3460448.0
12146,1609456.0
2087,1516016.0
2916,2806144.0
10188,2808144.0
3253,1447648.0
9082,2473376.0
12493,1241024.0
5898,3432896.0
8409,2301968.0
5885,2098416.0
1101,691968.0
10071,2153136.0
11403,4253424.0
728,1168560.0
11647,3845120.0
1931,3014064.0
232,3454128.0
3988,1583792.0
9416,1773744.0
1866,1842704.0
5685,2689392.0
2779,1978576.0
3294,2970960.0
1471,2275408.0
2960,1188592.0
10447,1839664.0
1220,2780896.0
69,1567728.0
2002,4178560.0
2784,2193840.0
1911,2134928.0
3023,1553776.0
3394,1763152.0
5920,1311408.0
688,3211776.0
1511,1861152.0
3572,3422032.0
12401,1090016.0
10756,2464384.0
4007,1794256.0
3230,960496.0
12240,3128848.0
10539,1805392.0
3226,3342160.0
2280,900304.0
3650,2498848.0
8540,1342448.0
5847,1424624.0
6694,3722464.0
1336,1227104.0
2538,2297024.0
7185,3333872.0
8314,2697696.0
1204,636400.0
2020,1155072.0
2468,1495952.0
9909,1974016.0
7935,900896.0
1361,1669744.0
6138,1566688.0
1914,3921328.0
11090,1805008.0
9320,1597952.0
172,1754736.0
823,3269120.0
1189,1086368.0
3768,512000.0
2993,1966352.0
12873,1438736.0
1146,622912.0
19,1680336.0
2113,3008768.0
5132,2460896.0
11109,2464336.0
1562,866976.0
337,1527680.0
1981,4328608.0
546,1409088.0
7428,2064160.0
230,733136.0
412,2867584.0
2205,616400.0
9114,2525088.0
1803,2297008.0
1571,3610960.0
12362,3895392.0
8109,1761648.0
3868,3228832.0
3013,2275680.0
1011,797824.0
12983,3522880.0
116,1902288.0
3245,1512288.0
2253,4221232.0
10879,3155168.0
2246,1446736.0
11494,3045696.0
2259,3579312.0
2199,1722368.0
1692,1471008.0
5772,1746704.0
10182,2108608.0
5051,2673664.0
5033,5267968.0
11113,2231968.0
51,2030624.0
5129,1103648.0
1550,1716256.0
616,2994512.0
10151,2810592.0
6994,3543936.0
5738,2615936.0
5729,4818592.0
1122,546272.0
3406,1230080.0
2196,741872.0
3768,2832288.0
4432,2243760.0
2236,1056560.0
1743,2246576.0
2046,2648112.0
781,961872.0
1126,709632.0
10472,2983328.0
3524,1755552.0
6922,1840736.0
6018,2207840.0
2973,2141248.0
8323,3480816.0
576,1389248.0
3118,1224320.0
5737,2801008.0
4642,4004160.0
8425,1384624.0
2245,4650336.0
12248,848208.0
2533,787024.0
3134,1327760.0
5871,2353264.0
9331,2657568.0
959,2042272.0
2753,2691120.0
2887,1998480.0
11710,2288784.0
5279,3590800.0
3249,1269792.0
9711,2687248.0
5061,2110912.0
2493,2083232.0
627,3023888.0
2618,891168.0
4698,1261904.0
1575,2143760.0
425,1056784.0
944,1491504.0
3508,1585328.0
3674,1698112.0
3351,347216.0
1348,378976.0
1421,775872.0
9134,885024.0
6348,2499296.0
1277,2530320.0
1152,1043664.0
7783,2531024.0
29,3236672.0
11244,698064.0
5924,5051616.0
3001,3824224.0
4587,1755824.0
8303,3070672.0
2439,1476736.0
3060,3554608.0
8575,5139456.0
11031,1002064.0
2056,2700240.0
8657,1148288.0
7669,2612288.0
371,2664432.0
3985,1673456.0
279,1643056.0
2964,1828640.0
5411,910272.0
4555,2588800.0
3310,3027040.0
2340,951472.0
2139,1030640.0
578,1652128.0
2263,905712.0
11168,3491680.0
8198,1767232.0
6174,2334320.0
7566,1109936.0
5106,2967856.0
1977,1829904.0
5663,2637664.0
1398,2157120.0
2207,1147952.0
1987,818720.0
70,2106320.0
12282,3956720.0
5913,5056224.0
6506,1374368.0
3957,2162416.0
881,830048.0
1599,594592.0
1989,4315136.0
1719,1335568.0
3669,1035776.0
7029,2473888.0
3537,3137536.0
8590,2446608.0
2974,2520752.0
431,3807136.0
12647,2715760.0
2062,3046080.0
8040,1802224.0
7744,2568800.0
6155,2674496.0
98,1877728.0
3514,1389056.0
776,1523008.0
3678,442128.0
2529,1012304.0
1806,2040128.0
6359,1222320.0
200,601632.0
1477,2498112.0
1679,2899360.0
2323,2213840.0
917,1307312.0
430,689760.0
3723,1248448.0
6665,1263600.0
2719,963584.0
10429,866880.0
428,1979648.0
3995,1571104.0
393,732368.0
2336,2267200.0
2107,1011248.0
1242,603904.0
7616,2592784.0
11586,2836016.0
762,785280.0
1677,1583152.0
9356,1391056.0
4810,2830784.0
1643,2437488.0
1977,2440592.0
1102,1188400.0
2231,3597120.0
6369,1858800.0
8299,4353136.0
9088,2494272.0
12140,1246512.0
89,6431440.0
12948,3110640.0
2387,3796928.0
9454,3194544.0
10957,2787184.0
6075,1789232.0
2665,1458960.0
6511,3160128.0
3180,1497440.0
4079,3132048.0
7372,3884736.0
10509,1298496.0
3302,2777152.0
10714,1671424.0
1794,1559200.0
6467,1781712.0
10015,2029376.0
12005,2214832.0
11832,1129072.0
7524,2155600.0
680,2772832.0
376,4322672.0
8563,2246160.0
2826,759040.0
11426,3329344.0
6426,2393568.0
649,4241312.0
2190,2140880.0
11071,2613200.0
738,715792.0
3915,3383216.0
2056,1727216.0
11297,1996848.0
2113,2025440.0
1235,815360.0
12351,2105136.0
995,766720.0
857,1706032.0
1559,1756912.0
7580,2457904.0
716,522160.0
3161,2364064.0
6287,3100560.0
3061,1515568.0
2715,2043344.0
8652,2920064.0
8978,1766352.0
11641,4951200.0
4811,2419056.0
132,3190704.0
3930,2112800.0
12963,3788224.0
3625,859440.0
2256,1373408.0
11883,1700960.0
1393,4152032.0
778,2761072.0
333,812480.0
2259,1240240.0
4898,3556832.0
975,618016.0
2130,2831840.0
12336,2267200.0
12354,3525520.0
1707,1019824.0
432,2323024.0
1815,1764496.0
12357,2094752.0
11140,3440880.0
9197,1561344.0
10500,3707744.0
12701,2538896.0
12111,3202432.0
11150,1770816.0
1933,2798672.0
4617,4734960.0
12312,2985152.0
7129,2396592.0
5744,3245888.0
3903,3741552.0
3017,3176352.0
8723,3941360.0
3629,1886016.0
2638,896112.0
1632,1518816.0
3922,1422016.0
2216,828640.0
5267,4649744.0
11091,1320192.0
4964,2830400.0
678,1055680.0
4678,1268976.0
9836,1648752.0
8905,3515616.0
3150,871856.0
1805,2570864.0
11262,2042256.0
8024,3012400.0
12988,1787696.0
1611,1371904.0
3466,1141824.0
2127,1253600.0
497,3305680.0
1647,814656.0
2848,869696.0
293,1751808.0
7256,2493744.0
9063,1777808.0
6441,2657040.0
47,2816832.0
5323,1204592.0
6487,1805376.0
1948,2111568.0
1659,2685648.0
1213,1301248.0
11663,3376176.0
3954,3021360.0
724,2376272.0
1930,1492464.0
7833,872432.0
814,1848912.0
12190,1921488.0
4080,1888064.0
11344,2577824.0
272,1412384.0
10180,752032.0
6099,3375088.0
5797,1956576.0
7476,2401184.0
833,2917088.0
5545,2204480.0
630,2277600.0
1502,1420208.0
12148,2000384.0
1605,1704672.0
2365,1258704.0
12494,1908496.0
6244,2635008.0
3130,1306080.0
1870,1557344.0
10144,1489056.0
3752,865152.0
5798,3862464.0
1765,1399024.0
11929,4513856.0
3241,2974000.0
8324,3131584.0
2688,837376.0
2912,2358608.0
6742,4419120.0
2694,2306096.0
5237,859536.0
9138,3155648.0
1773,1465232.0
3607,1648800.0
3968,1737264.0
1140,2351424.0
9624,728176.0
8311,2250112.0
202,4887264.0
2982,692160.0
180,2153776.0
3157,1402080.0
2959,2441936.0
1436,1561056.0
10813,3763744.0
7478,2189152.0
10467,2939856.0
5901,3329680.0
5981,1675040.0
8065,3599504.0
190,811776.0
6240,2290080.0
1935,3432240.0
2952,738368.0
8170,2237168.0
710,1468320.0
667,866896.0
543,4736784.0
3688,950544.0
3302,2061744.0
664,1200192.0
7706,2422224.0
2076,3031760.0
2500,4095648.0
2020,1676512.0
1913,1373408.0
3160,3884224.0
11817,1537008.0
5955,2023456.0
4195,1243376.0
939,2616928.0
7386,1852880.0
12448,1647216.0
163,1516320.0
831,1784672.0
1634,1974016.0
495,1289904.0
3411,1896384.0
8095,1566880.0
2251,1389856.0
1891,1103280.0
7473,2279584.0
8557,1385296.0
5766,2036912.0
9849,2147472.0
12269,2210320.0
5402,3175712.0
3601,2108400.0
9895,1194352.0
3909,1073440.0
10595,2092256.0
460,3563472.0
2883,586640.0
2405,780688.0
2969,1724368.0
268,1578544.0
558,3381488.0
10556,1536240.0
5476,2336736.0
8017,1849968.0
4865,2287008.0
11378,1852224.0
1364,2627856.0
3185,1847136.0
12622,1292688.0
1135,1647024.0
505,3490960.0
6459,1741856.0
10303,2735488.0
11899,1359616.0
3116,823824.0
10073,2985840.0
3393,1200048.0
860,2189264.0
2410,1867360.0
5662,2585024.0
2210,1421072.0
500,2457936.0
1487,1390816.0
1971,1368944.0
9792,4187856.0
1768,1432768.0
1871,855328.0
12803,2116768.0
3923,1539168.0
431,980928.0
3151,1409696.0
4653,2841984.0
9918,4835376.0
134,3627184.0
6377,3145040.0
3233,3884752.0
1580,767264.0
3384,2315216.0
7289,4689008.0
9381,1414880.0
12592,2695920.0
587,1927328.0
7607,3169808.0
6963,2829872.0
8521,3131520.0
10499,3016784.0
12036,2335424.0
7020,2589936.0
8743,3231312.0
12157,2015232.0
11239,1604768.0
3663,2985408.0
9637,3132048.0
8276,1255392.0
3010,5303168.0
2409,1647296.0
6257,1390352.0
2017,1314176.0
12678,3626272.0
6112,3726672.0
2189,841008.0
1080,1870816.0
2690,1374528.0
6163,2264512.0
5107,1678560.0
322,820992.0
6522,3464528.0
2068,2900032.0
3792,741936.0
2882,2233072.0
5589,1258064.0
5400,1522976.0
2114,2154784.0
111,2553328.0
4343,4210672.0
1712,3172640.0
548,257904.0
3872,654544.0
7453,1379824.0
3551,2864480.0
2332,1643408.0
1934,2810496.0
9736,1843952.0
1182,3087296.0
508,1605584.0
11486,3011056.0
8871,3048112.0
2011,1822336.0
4175,860112.0
1323,1434128.0
10789,2978016.0
6130,2564896.0
435,3020080.0
10805,1399424.0
3055,1836640.0
6164,1940576.0
5656,2412464.0
7336,2654336.0
4469,2122464.0
2136,1494512.0
5535,3633744.0
1231,3348080.0
11272,3148240.0
1021,884416.0
2761,1364016.0
4704,1930144.0
2705,1453648.0
435,2774336.0
7989,3910224.0
2544,1477168.0
3767,1440608.0
7294,1848176.0
11474,1462880.0
2330,1765536.0
6619,1522768.0
6490,3001008.0
63,2888048.0
967,3388176.0
9740,2461552.0
1763,2255008.0
9782,2819248.0
2731,1523568.0
343,1605040.0
561,927168.0
6501,1915584.0
10554,739296.0
2074,972192.0
12584,3330880.0
1873,2270176.0
1213,790000.0
5906,2956720.0
3139,821776.0
4940,2820688.0
2446,1863712.0
835,949312.0
10184,1337392.0
11460,2158320.0
2817,4427056.0
10662,2693120.0
9273,1812448.0
219,1761984.0
12943,2246048.0
1058,2107552.0
788,1417264.0
1160,1086752.0
2653,3575040.0
10599,5322640.0
5800,3779184.0
131,3055952.0
3095,3473200.0
1823,2458176.0
5447,4124416.0
12900,619664.0
1316,2048976.0
319,2222896.0
10480,2232448.0
574,1056880.0
2822,2485488.0
9437,1762528.0
4272,3968848.0
1782,2754592.0
11922,1645696.0
11326,1096032.0
1804,2258240.0
2003,3620400.0
7570,3988320.0
9632,3027472.0
74,2713920.0
7627,1427472.0
11876,1607712.0
1285,1934432.0
2212,1874944.0
2104,2469616.0
2659,2655248.0
1178,1735808.0
3876,1123424.0
677,1073472.0
6856,1578736.0
4256,3158032.0
12061,1286944.0
1948,1871840.0
12461,4755472.0
2673,2372880.0
11313,1480288.0
2597,2541184.0
457,798992.0
1430,1033056.0
8795,4460400.0
10465,747648.0
9807,3084912.0
1936,1563344.0
10108,825824.0
2310,2044192.0
10840,2598432.0
6251,1069392.0
1811,4841552.0
12972,3942400.0
12258,3715744.0
1830,902112.0
8947,1948768.0
4771,992400.0
838,1325968.0
2193,844672.0
11547,1720944.0
1058,2469200.0
4039,3342224.0
1462,1741056.0
8680,1534848.0
6921,3224320.0
1385,810896.0
410,993296.0
8002,2109072.0
10165,1679392.0
351,1764704.0
1135,513472.0
3838,3458752.0
1287,4303680.0
3704,1362656.0
11620,2240768.0
5601,2230560.0
429,3250656.0
390,998160.0
100,1045824.0
10524,2173488.0
12626,1289104.0
3230,2228688.0
9761,2141504.0
7283,1998128.0
1024,2049456.0
204,1777584.0
11060,1700480.0
10291,1080128.0
3743,2702416.0
2592,1359280.0
9023,3003744.0
11890,2504816.0
6321,1895088.0
1635,2289216.0
1501,1252256.0
11908,3011600.0
1103,2538592.0
1706,1692752.0
12992,2245920.0
1679,876160.0
2914,3807840.0
5886,4792352.0
3309,3097152.0
9983,2499216.0
10866,2956896.0
12463,2495120.0
9921,1502256.0
9528,2346864.0
8552,1020544.0
11997,5623024.0
8663,1468608.0
4638,1758304.0
247,820064.0
2111,1214320.0
2790,2609008.0
1935,1583760.0
7861,1156544.0
8018,2915072.0
9560,1937744.0
12985,1577312.0
2944,1351152.0
379,2258304.0
10391,2552336.0
2871,660944.0
1077,3690912.0
3339,2606944.0
476,2197216.0
1235,536768.0
2543,757744.0
50,2562400.0
10897,3130576.0
4624,2693312.0
1752,1997776.0
1490,2440704.0
3539,523472.0
11184,1222960.0
3867,2890368.0
609,736848.0
8666,1155456.0
5641,2523040.0
1376,2315200.0
11866,2562816.0
3832,1465328.0
3371,2288176.0
327,1516288.0
93,1721424.0
2066,2556848.0
1258,1829408.0
6068,1192208.0
1106,2065440.0
1010,3801776.0
175,3461712.0
9972,1214320.0
9963,2700128.0
12114,2747136.0
2204,1931168.0
792,2934224.0
288,1283920.0
1423,3593136.0
5514,1751104.0
11875,4151792.0
3955,3085664.0
6193,2898304.0
7041,1336016.0
3317,870496.0
784,3297568.0
8629,1921184.0
8620,4260944.0
8103,3404640.0
2801,1625600.0
8798,1359568.0
2569,1405408.0
3005,1769536.0
398,1275664.0
5046,4266992.0
4847,1340224.0
4917,2381376.0
615,2094240.0
3047,962496.0
10407,2547184.0
6145,1272240.0
1161,1426432.0
162,2176080.0
9438,3223968.0
12852,2769680.0
6389,1616096.0
8115,1970624.0
7578,1651168.0
1044,897488.0
1111,2384528.0
1394,948304.0
1311,3830496.0
5018,1520176.0
4789,4042928.0
577,3059104.0
5043,1909440.0
1072,2733168.0
6541,2863120.0
7698,2776976.0
642,727216.0
6667,2572832.0
6388,933472.0
3809,1645664.0
8445,3014000.0
1045,2319600.0
9038,1627072.0
1431,988816.0
2448,1787264.0
3348,3077568.0
3412,1144384.0
4478,1026800.0
10821,1813712.0
6759,3135376.0
5318,2476768.0
3322,1424928.0
1047,2743824.0
2272,2397648.0
8808,763712.0
6987,2624160.0
3031,1364736.0
1372,2324784.0
11810,2204176.0
870,1819296.0
5742,4462000.0
1386,2297072.0
2266,450208.0
4279,2805104.0
1454,905056.0
903,2350752.0
6594,2880640.0
750,1100496.0
142,2513424.0
12371,3942816.0
1617,1715360.0
4640,1973216.0
4569,1267248.0
316,1433728.0
10926,3227872.0
2374,805216.0
12550,1163936.0
709,3310768.0
158,2005488.0
1429,1620384.0
3854,2409568.0
2863,820992.0
10621,1416176.0
4289,2438192.0
6055,1966256.0
9832,2748256.0
2693,2672784.0
7011,1227776.0
2688,1678672.0
10259,3769904.0
10235,794528.0
9786,2986928.0
3014,2883328.0
9434,1752192.0
9764,2517120.0
2423,2210080.0
651,1400432.0
3610,1330576.0
1899,2382576.0
1063,1509440.0
4294,1929696.0
1422,2231968.0
10612,1077520.0
4837,1339648.0
4501,2508688.0
10549,2242848.0
1114,1247504.0
88,1629856.0
7817,5037808.0
1980,2646208.0
1151,3143136.0
2404,1589104.0
4641,3142848.0
2942,5133824.0
607,1962512.0
4293,2625520.0
5274,730464.0
2701,2815600.0
445,1484160.0
7846,2703584.0
1138,1983904.0
7784,1508032.0
11617,3335568.0
1483,730176.0
11159,1694240.0
8513,1571824.0
8892,1107600.0
2759,2340256.0
4645,2217664.0
2505,1753136.0
2017,1590448.0
9450,3504640.0
2271,1744432.0
2548,1612032.0
541,2135392.0
2449,1699424.0
8912,1327968.0
3996,1609232.0
3866,1173456.0
2885,2422560.0
2111,820560.0
95,2659504.0
3071,2225792.0
10344,1208416.0
160,874752.0
1039,955120.0
1306,2377264.0
2725,1862496.0
868,1062384.0
11937,1312928.0
2177,534672.0
4366,1011568.0
2742,3994400.0
12845,3727024.0
624,4695360.0
1659,3637872.0
6569,796016.0
179,2078976.0
12103,3287136.0
450,1532512.0
5796,2188080.0
2573,3015904.0
4685,1581408.0
1325,995840.0
2623,1986256.0
3088,969696.0
8992,3527472.0
9195,1574032.0
2862,1154624.0
4097,1380720.0
12294,1277760.0
1600,2111968.0
8716,2652736.0
11537,524752.0
7663,894192.0
1206,962192.0
2184,2553424.0
3525,3060432.0
9221,3220112.0
2166,632608.0
3445,3145584.0
2278,2084240.0
4525,1242384.0
1354,2309504.0
10348,3210624.0
2023,2663504.0
1672,1208224.0
531,1149184.0
2048,2934016.0
429,1264384.0
9757,3685360.0
8636,1424304.0
7959,3745968.0
2886,2406848.0
679,1301152.0
1270,2117296.0
1618,3100144.0
1033,1886016.0
4672,1426576.0
5523,1559472.0
2398,2307376.0
1028,2705792.0
459,3157360.0
11788,1922544.0
3931,2038832.0
410,1698880.0
721,3286048.0
1490,3953664.0
2979,1081264.0
1967,1594496.0
3898,1988800.0
929,3355616.0
398,2908192.0
3304,930176.0
2264,2434192.0
5436,2593392.0
5225,2798768.0
8587,2733616.0
4849,4058080.0
499,1011808.0
1460,2048288.0
2464,651232.0
2683,1945104.0
9029,3813488.0
3188,1548992.0
1737,925840.0
549,3233296.0
1390,644032.0
10437,2899584.0
2787,807376.0
4062,3261760.0
777,1355808.0
5135,1867920.0
3521,1082688.0
2750,849888.0
12286,2735392.0
3857,1847248.0
578,2245488.0
1944,1961440.0
3511,2153648.0
3262,1345344.0
1148,890848.0
11137,2539184.0
2426,4603392.0
12440,1719472.0
2704,5450992.0
1222,1533232.0
2707,1016080.0
10643,2707616.0
2534,1082032.0
1777,1788704.0
2331,1370800.0
12938,2957712.0
1139,1271184.0
1636,1168560.0
3224,2810016.0
5747,2436208.0
604,3429184.0
1346,2648112.0
9891,2581680.0
2653,2233568.0
10722,2884432.0
2214,1130704.0
8519,2263056.0
3869,3371008.0
780,619664.0
5483,2923072.0
2495,2051920.0
251,1321984.0
8327,2904752.0
9610,2140528.0
2949,2117056.0
3713,2557120.0
2281,2309824.0
1704,2177616.0
2849,1907936.0
11160,1208496.0
5196,2824352.0
901,1551200.0
2204,742496.0
2348,783616.0
11923,1891536.0
3286,2033616.0
12299,1333824.0
1181,3064496.0
8251,1696592.0
2897,1555328.0
12548,2137088.0
2794,375968.0
2835,703184.0
1115,2406848.0
9351,1321248.0
12288,3036304.0
6764,1667136.0
2009,4871232.0
1484,520016.0
12829,1795888.0
610,582400.0
2018,823328.0
8818,2559440.0
2270,1209600.0
7844,2535456.0
1755,1126112.0
3485,1094768.0
2501,1554880.0
2953,1038432.0
1395,413856.0
2171,1023632.0
687,1158144.0
1644,3010720.0
1697,1715008.0
3814,1541648.0
2740,1328208.0
2793,1993600.0
9962,1267920.0
641,3122272.0
12391,2706832.0
2590,2308752.0
994,3899616.0
2645,1362672.0
11386,2934224.0
1681,927616.0
2564,1756000.0
7876,1549344.0
1345,970320.0
1417,1566480.0
615,1800432.0
2700,3246464.0
6521,1496400.0
2526,2969824.0
3038,2056448.0
5790,990480.0
1919,1445888.0
5052,2107280.0
8895,2488896.0
12142,3886592.0
799,1853232.0
12389,4670352.0
1393,2753648.0
1373,3884224.0
12110,2968608.0
6469,2360752.0
1913,1673616.0
9400,1574016.0
570,1176704.0
1728,782240.0
7188,4590336.0
133,2726944.0
10485,5210528.0
3011,2251552.0
277,2723824.0
2296,3580144.0
10784,2611248.0
1749,1358784.0
1353,1969424.0
11853,2339936.0
2426,370960.0
4998,2235664.0
10103,6730784.0
2930,1485424.0
92,3800992.0
258,738624.0
2074,1917664.0
417,1867344.0
2592,4136704.0
6207,1731680.0
1173,1319936.0
3596,3595952.0
10366,1121232.0
1972,3688704.0
129,1303072.0
2375,2467792.0
2425,1575328.0
3938,1830480.0
30,1358672.0
1210,2514096.0
6950,2153648.0
4565,1035216.0
9377,1478224.0
1813,1437136.0
1529,1532608.0
1350,2562688.0
9627,3780496.0
4201,3194960.0
5115,1873408.0
10237,951104.0
6367,3486752.0
2532,1904272.0
1267,2491376.0
1553,962448.0
8861,999776.0
11037,3167376.0
2019,1126704.0
983,1478512.0
6254,4426288.0
6036,2736928.0
7896,3606672.0
11579,4326512.0
9071,2358304.0
1415,3315648.0
8738,2152528.0
2421,689664.0
3887,2388464.0
2603,2028912.0
10495,1553568.0
7241,3804816.0
1486,480368.0
840,2498608.0
12633,2001216.0
3935,1656720.0
1506,2239392.0
51,828192.0
91,1127552.0
6525,2925424.0
2022,1475280.0
11218,1776880.0
10449,3308272.0
2851,2100608.0
1613,1872096.0
9444,2389008.0
10252,1044320.0
2062,2396400.0
6079,2557024.0
7797,2026656.0
739,953328.0
12617,2835872.0
1809,2549456.0
9854,4877264.0
9749,2788800.0
12025,3813296.0
1865,536752.0
1647,3316576.0
6023,2376208.0
10484,1960544.0
839,3919248.0
1250,2733168.0
12366,3066736.0
680,362224.0
3932,3412128.0
2764,4928896.0
11247,1806080.0
1469,2303920.0
2899,1173952.0
6022,1764896.0
88,3235120.0
2565,1162432.0
3091,2206656.0
11493,2326176.0
2102,2377264.0
1296,2977088.0
2091,4568096.0
3628,931152.0
2869,2809712.0
953,3196240.0
934,2340368.0
2249,858480.0
8793,1358880.0
3503,1947200.0
5399,1565840.0
10727,2377792.0
3345,1031888.0
3402,923248.0
7074,2633104.0
11381,1211184.0
48,1350368.0
12174,3536176.0
4823,2382896.0
8407,2495952.0
1898,4773152.0
3382,1194224.0
10289,3187872.0
2692,1947840.0
2014,2528016.0
8442,1571744.0
592,2061488.0
8920,2516112.0
4724,2510416.0
2187,2411616.0
4833,3462112.0
612,1090416.0
2465,3558224.0
12325,1657264.0
11278,1473504.0
8705,2518592.0
1026,580752.0
7917,2980768.0
974,4862624.0
2184,1166032.0
3273,867856.0
3670,1287152.0
3516,1505088.0
11682,1578848.0
12243,2144816.0
7650,3358896.0
6091,2647776.0
12793,3150080.0
550,2803312.0
7754,3782400.0
763,1388080.0
1862,2758560.0
2306,2031008.0
11541,3745920.0
10529,2025184.0
9305,2350400.0
7135,1253344.0
2188,2730560.0
7038,3446480.0
1657,2063296.0
4952,1590864.0
3889,2050112.0
2106,2111968.0
6859,2787392.0
2293,2253984.0
1298,1873904.0
8050,537584.0
10507,4657376.0
5172,2444224.0
2241,1286944.0
7951,2494656.0
3554,1682336.0
970,2316176.0
3860,1759424.0
8588,756608.0
1870,881856.0
7348,1807104.0
196,3971632.0
97,2240592.0
6568,2654096.0
642,1751280.0
647,974240.0
2637,1081104.0
2150,1352640.0
928,2143424.0
3658,1830512.0
12807,980928.0
1776,2356608.0
2571,2566320.0
1857,3774800.0
5497,2434688.0
2231,2394736.0
661,1553776.0
2243,1673584.0
7044,1439344.0
8878,1860640.0
342,3296192.0
4563,1138896.0
3868,2283184.0
722,1661104.0
7869,1268304.0
12770,1397008.0
7153,2903248.0
2575,2254080.0
1107,1550512.0
29,4345744.0
2399,1587568.0
6602,1514192.0
73,1523232.0
4562,2689104.0
8356,3237776.0
490,2320592.0
960,975600.0
3896,2520496.0
9620,2648720.0
7125,2057008.0
10693,2882304.0
4118,2550784.0
3906,1714624.0
501,3214480.0
6236,1583936.0
3483,1222896.0
5479,4784432.0
895,1549840.0
2030,2082080.0
172,1301216.0
2958,3643952.0
7839,2353456.0
8851,1036848.0
127,1585024.0
2560,2168560.0
4851,1841616.0
6203,1649104.0
532,3153904.0
1183,863104.0
1448,1172320.0
37,1773232.0
2830,2026272.0
10753,1743792.0
9524,1961536.0
6280,2534960.0
402,3046272.0
6876,4991552.0
1609,1332384.0
2450,2096768.0
3291,3621184.0
2352,1789504.0
3781,2438864.0
4227,495360.0
4213,1850784.0
8840,4410736.0
10260,5076176.0
12518,2029408.0
1065,936496.0
2150,4598368.0
3717,460240.0
442,3028240.0
10770,2278320.0
3066,2483536.0
8577,2685632.0
663,2925856.0
9176,2685968.0
937,1243584.0
3904,1248304.0
1621,2189968.0
12739,1514176.0
3235,1194384.0
2068,4147840.0
6399,2525808.0
3110,3206640.0
2018,1508992.0
280,2375856.0
10385,1746768.0
1864,2818352.0
3761,2217376.0
9392,2289120.0
6621,3287648.0
1855,2448432.0
638,3143648.0
2375,2021216.0
9563,1689584.0
4036,1399152.0
3626,1995248.0
3099,1604912.0
1468,900464.0
11004,4451248.0
1031,1994144.0
1633,990608.0
3541,3028800.0
1937,979152.0
7248,1031232.0
10846,2748608.0
1034,638384.0
2007,3638320.0
3510,2353600.0
6047,3877776.0
5934,2078976.0
8855,1428928.0
109,2240368.0
2261,3226496.0
7075,4217024.0
1129,829504.0
9161,2780848.0
10779,2246160.0
1764,2001232.0
2364,596912.0
1297,732928.0
5575,1764224.0
11287,1674592.0
2218,1005936.0
6902,2087488.0
1025,1428656.0
3027,3137696.0
1594,1039840.0
4691,3873120.0
303,3958256.0
12095,2823344.0
2652,1141696.0
2708,1963856.0
1141,3856576.0
10822,2133600.0
6808,2621056.0
2605,1798704.0
10096,3393456.0
1381,340560.0
8294,3124368.0
1889,1751600.0
1212,3036448.0
10068,1299984.0
2463,1522160.0
2448,2044688.0
4842,2349136.0
7712,1543360.0
79,2790832.0
6666,2094448.0
6711,1884192.0
10570,1477936.0
3320,2221520.0
8386,1877904.0
11428,3675440.0
10059,2974352.0
8479,1599840.0
9567,1624704.0
8699,2415120.0
2722,1338976.0
522,2144624.0
7905,3032144.0
1710,934576.0
5986,2615136.0
7495,1062464.0
12565,1725456.0
1535,2009056.0
1213,3561008.0
3169,1870816.0
2223,2644464.0
654,1453712.0
6224,2463104.0
1606,2911856.0
10028,2145152.0
11557,2969184.0
2361,1601536.0
8490,2385472.0
223,2149408.0
503,712592.0
5561,3420976.0
11943,1338656.0
1310,2185520.0
1002,2564528.0
6973,1963104.0
840,1277872.0
256,2820432.0
4188,2589680.0
10081,2573040.0
2242,1275248.0
827,1960416.0
255,511040.0
520,1475520.0
1243,2225280.0
2969,2948672.0
9181,1786416.0
7858,2318624.0
7802,2952144.0
118,857792.0
7583,3682896.0
10701,4414032.0
12038,2923344.0
136,2939520.0
2905,4988864.0
3315,1282864.0
1736,2716640.0
11540,2741696.0
2415,959088.0
1273,3287536.0
209,2439856.0
9745,1971680.0
2754,880496.0
3307,1542288.0
1149,819168.0
6019,1625648.0
10655,1809504.0
7788,2081552.0
1389,1354336.0
1231,1891952.0
3876,694240.0
4447,5208352.0
3857,1021216.0
203,3047600.0
589,2427568.0
1119,2402016.0
2703,1551056.0
10654,1810128.0
1051,1886176.0
8932,2467088.0
702,2288944.0
5295,749616.0
4871,3280048.0
446,3753056.0
1435,1030656.0
9863,1817856.0
12725,2345504.0
12223,1809248.0
1327,1816384.0
3098,2444384.0
7499,2799136.0
12799,1797856.0
10114,2361552.0
4841,1556064.0
5654,2006016.0
12892,3177648.0
1984,1423056.0
12763,1411072.0
1098,1646112.0
140,1103184.0
1733,1263488.0
7930,614432.0
7058,5298432.0
1345,505120.0
3325,1993056.0
4419,2476816.0
8287,3593984.0
12890,4538928.0
4284,2254688.0
1873,1265664.0
1724,1971216.0
2749,1881600.0
7252,988928.0
9690,1872944.0
3297,838464.0
1316,352848.0
8515,993392.0
3875,1836496.0
1797,1556976.0
5022,2657408.0
6768,3063984.0
1052,1830912.0
6555,1872464.0
12783,2383472.0
5357,3005856.0
8455,692016.0
5750,1208448.0
2485,1800432.0
10644,1824064.0
2403,1344048.0
6455,3175536.0
869,1766432.0
10287,2240912.0
1176,1930016.0
253,1405040.0
2072,1840864.0
7435,4199200.0
2255,2433856.0
976,2714576.0
12808,3567168.0
81,1148192.0
11759,1248304.0
2774,1501680.0
9564,3261600.0
11767,1431616.0
11667,3787616.0
2752,1829424.0
2796,2688832.0
8134,1680592.0
6565,1462800.0
3079,2736416.0
2900,1002368.0
939,1608736.0
5256,1423984.0
3679,1586816.0
2790,1580256.0
4961,1955968.0
1347,662656.0
7113,3324128.0
2698,1838752.0
314,1477616.0
739,1974000.0
977,1616320.0
5363,2193376.0
9890,3014976.0
4067,3880128.0
3978,1429568.0
3108,3195536.0
5471,1626672.0
8486,2623744.0
8700,3019840.0
5957,3124592.0
898,455152.0
2128,3258080.0
5260,1449408.0
155,5066048.0
2100,1005936.0
1649,2954416.0
3406,2526784.0
1510,1898448.0
5722,1944976.0
3785,2416944.0
12458,1655728.0
988,3456464.0
1704,701504.0
631,4402768.0
689,758064.0
11499,1966640.0
9810,2489856.0
2733,3533712.0
8210,1422064.0
10742,2274576.0
1572,1763200.0
4198,5742336.0
1696,3496976.0
12662,2297136.0
11201,984288.0
163,1501040.0
9225,1862800.0
2352,3064928.0
847,1878896.0
9662,3429904.0
244,769824.0
536,1080944.0
422,1059488.0
2839,2969584.0
2491,2050000.0
2261,1580128.0
9914,2382784.0
8856,2204432.0
197,3460176.0
2536,855856.0
9175,782416.0
930,1083728.0
472,1434128.0
4435,3207728.0
5614,2617392.0
10211,3139968.0
647,2364944.0
9040,3167872.0
1971,1843824.0
8394,2433392.0
2711,773824.0
244,1539536.0
2658,1257696.0
2249,1177408.0
10266,3131184.0
2898,1692128.0
3820,3523600.0
10515,1257712.0
1343,1940384.0
1174,1046944.0
2451,2151904.0
2477,1977776.0
2770,3184448.0
3026,3902048.0
7374,2060976.0
6333,3563264.0
3523,3513856.0
2305,2932368.0
2327,2560256.0
112,2600640.0
10649,3367952.0
10685,2911376.0
1327,2206720.0
9013,3037664.0
2257,1894144.0
298,1698496.0
1573,2394912.0
345,1440608.0
4708,3938288.0
9169,2067312.0
1673,1454464.0
479,2245088.0
9150,2878432.0
8230,914800.0
9271,3214368.0
655,1487264.0
2428,1230096.0
178,3598912.0
6114,4549680.0
8721,2613136.0
2424,2446144.0
10690,1012528.0
2655,860432.0
1403,2519920.0
3741,1186928.0
3782,2851504.0
6751,2308144.0
8488,4250096.0
4798,2644848.0
867,1237760.0
6684,2664384.0
3705,516000.0
2263,2780592.0
1885,3103680.0
11727,1350464.0
2754,799328.0
11535,6914976.0
4684,3197984.0
12297,3910048.0
9472,3010288.0
3247,1940576.0
6084,883712.0
4000,2435104.0
9199,2038000.0
8137,3765104.0
7242,2688384.0
836,1432176.0
3353,2000896.0
11458,2136528.0
245,1318944.0
1835,3369568.0
94,1764544.0
11782,1058496.0
1942,1003488.0
7776,4919552.0
1818,1284448.0
1761,2927952.0
6712,1011904.0
608,1390848.0
1378,578608.0
1269,2406992.0
443,1923296.0
10961,2559408.0
8476,2884704.0
1105,849008.0
7151,2799728.0
1189,1040368.0
2628,1544736.0
2506,1659680.0
1807,1690560.0
2187,1264368.0
1956,1955648.0
1839,1098640.0
2356,2020960.0
4144,1809984.0
138,442032.0
6787,1601744.0
6956,1243504.0
2700,1765872.0
2438,1642912.0
1881,1438704.0
2350,1255136.0
7230,3052640.0
2687,3205568.0
7940,3027216.0
888,1645904.0
47,2887648.0
9946,907856.0
9653,2833040.0
6632,1738240.0
546,3852096.0
2257,4252880.0
11818,1800560.0
10803,1835776.0
8030,3079296.0
1708,2366192.0
454,4606640.0
137,3440352.0
3288,1613648.0
2250,2477584.0
121,3349088.0
2185,1609184.0
2621,1246304.0
8734,1374544.0
2220,1758704.0
679,905168.0
5566,2180208.0
286,1256880.0
6181,2079552.0
4809,1563600.0
8203,1998832.0
737,566320.0
2559,2117104.0
8220,1243888.0
9966,1822304.0
10406,2467696.0
11293,3033280.0
10997,2312960.0
2281,1735376.0
2320,1741360.0
3333,2509456.0
2105,1705040.0
468,3967552.0
2538,3631232.0
3243,4929456.0
12154,1419264.0
2400,2541184.0
9930,2917312.0
4199,992784.0
1406,1350368.0
2387,1752640.0
2802,1348944.0
11837,3961856.0
1445,1994112.0
1191,2374144.0
2398,868816.0
420,2073072.0
11892,3964816.0
2520,1891600.0
3698,1538800.0
3740,2571200.0
8628,3044080.0
1282,2329664.0
6708,2453104.0
11123,3541312.0
2188,1305968.0
421,1095920.0
8290,2685136.0
701,870256.0
1472,1165040.0
12014,2367456.0
5532,2161856.0
8595,2064304.0
1007,663488.0
2199,1242416.0
7884,2216624.0
3016,1510768.0
1652,1378864.0
10038,1474096.0
8529,3766032.0
5665,4257504.0
1482,1981088.0
804,1547808.0
2089,2153648.0
4003,1925536.0
2570,2548224.0
735,1135872.0
9674,4003408.0
12862,4369424.0
7123,889888.0
5091,3005280.0
594,1644704.0
1410,3308160.0
6190,1836656.0
6574,1717760.0
2843,894080.0
2933,6909328.0
10339,2723632.0
159,1715632.0
3459,4277680.0
4015,2705280.0
797,860896.0
448,1335984.0
9177,1252064.0
892,1135872.0
2397,1395824.0
486,1458192.0
3686,732784.0
9760,3617680.0
3676,1261792.0
12308,1994288.0
3029,2267264.0
1827,4567568.0
2762,1947328.0
926,1022960.0
1276,3937168.0
179,1561520.0
3396,1012592.0
12047,747120.0
9881,3926128.0
104,3647904.0
11364,1321024.0
5227,2327392.0
10670,2461344.0
3362,2128752.0
5059,1001568.0
4004,3853536.0
12160,3256928.0
8662,2295616.0
11542,2515680.0
1802,1336944.0
2614,1450624.0
10993,1287376.0
12951,2959632.0
7364,2446704.0
2879,463552.0
12898,3915360.0
3057,1483776.0
2161,4700800.0
3632,2550208.0
5259,3367872.0
5186,2051648.0
3359,3497984.0
714,1177408.0
1185,1805696.0
6093,1847968.0
4308,1669200.0
463,1999808.0
1252,1235632.0
12730,2170272.0
10648,2358432.0
8691,2170544.0
9327,2909264.0
632,1697024.0
3334,2896672.0
12758,3750064.0
4318,2916192.0
1146,3670672.0
232,2095008.0
3623,1532672.0
877,1861392.0
5469,4363104.0
10442,3424576.0
10574,3119584.0
5272,1338448.0
3769,636144.0
2301,2992656.0
7639,3366704.0
1538,3689424.0
375,1413648.0
3802,1860864.0
10521,1496048.0
2722,307984.0
1697,979744.0
12129,1773344.0
3444,2782880.0
3074,1327232.0
1422,1161680.0
7877,2884512.0
6134,4574256.0
528,1226064.0
5537,2215200.0
1523,1237856.0
5610,1306480.0
3692,1827024.0
6061,2528480.0
9957,1948864.0
1197,2011280.0
1693,1598112.0
1719,556544.0
482,2950624.0
1574,3910752.0
2985,2314384.0
6259,3495360.0
3900,799648.0
2583,3281616.0
3950,2510736.0
1467,1294240.0
1537,2173264.0
349,3448288.0
9284,2724912.0
1766,3082352.0
5184,2419664.0
893,1878528.0
12107,3218608.0
3684,1420880.0
5591,1646112.0
10710,1671200.0
2948,655424.0
1030,1562768.0
951,2635968.0
8615,2721392.0
7728,3992544.0
7338,3925136.0
11014,1877072.0
7001,3463136.0
1551,1900640.0
1432,1520912.0
2375,803856.0
2839,1328048.0
10019,1581872.0
1922,1712272.0
2386,1756368.0
3679,3598784.0
10197,3203904.0
1218,2685776.0
809,883232.0
8353,2889936.0
9193,2628272.0
7213,4578336.0
1555,2621152.0
42,988720.0
572,902416.0
12543,2692832.0
899,805280.0
3944,3329680.0
4130,2337872.0
558,2173968.0
2338,1434976.0
2518,1497072.0
4260,2440096.0
3196,1617056.0
7195,3128256.0
11790,1150176.0
3409,1790880.0
401,2201408.0
11392,1283904.0
12466,2720688.0
9879,2718800.0
8382,3666784.0
12537,1860032.0
1103,1586240.0
6241,4107248.0
11805,2856512.0
2992,2438144.0
11127,878768.0
1983,1249680.0
3431,1341216.0
5814,1315952.0
3119,1088128.0
594,2412624.0
3706,1575408.0
2054,2306000.0
1010,1422784.0
443,1345216.0
4720,404656.0
529,1471088.0
1254,1327808.0
876,2429296.0
782,4342144.0
8713,1604768.0
1688,846896.0
7883,2380704.0
10315,1884800.0
7376,2973936.0
3559,663936.0
5759,2423072.0
11396,942496.0
1568,1295392.0
8821,2801984.0
2904,1273024.0
1078,1579808.0
7253,1888496.0
2404,2144624.0
3080,2519776.0
1526,730800.0
2824,1895360.0
299,1167440.0
2968,1034688.0
12384,1172912.0
5385,3197088.0
1427,1785280.0
120,448864.0
9333,2577984.0
1234,4371136.0
3757,1521408.0
10125,2161472.0
7009,2307040.0
2907,840368.0
2651,1606512.0
11489,2042912.0
4747,2804480.0
2915,1742272.0
2281,2043952.0
11423,1623104.0
11250,1219248.0
7954,3262976.0
7398,1889136.0
12434,2010080.0
3835,1720528.0
2952,2403648.0
10140,1219312.0
4164,3101984.0
12698,3156560.0
365,3177408.0
9691,1760864.0
12876,2914976.0
10808,4111168.0
5533,2681728.0
6,1191264.0
2250,1243584.0
8837,2230928.0
7363,2046576.0
1747,1220608.0
638,1351376.0
6000,2420096.0
11702,1926736.0
9923,4473568.0
2424,1327808.0
6474,744704.0
8731,2638208.0
532,2598688.0
1579,2199168.0
10224,2321040.0
12889,2218752.0
6890,1471408.0
301,2616352.0
5169,2382528.0
5757,1267328.0
868,1811360.0
2076,1587696.0
1045,3628592.0
5114,3688624.0
7335,1231904.0
247,4703328.0
6606,2661008.0
12724,3244944.0
718,2240944.0
12074,3022816.0
12382,398000.0
2302,1593840.0
10399,2358704.0
7371,3002976.0
10009,1838416.0
2043,2445424.0
9224,3853360.0
3223,1694176.0
1994,1666864.0
4693,1100752.0
7803,2163184.0
6296,1574352.0
491,3911136.0
2903,1971904.0
6980,2291152.0
7233,1259504.0
5751,2196272.0
3895,2359280.0
911,1114320.0
844,1042112.0
1100,1864032.0
11709,1189872.0
11373,3109536.0
5420,2386976.0
1950,2610048.0
1485,1440992.0
822,2037360.0
2713,1657232.0
1652,4215712.0
5249,3268064.0
4506,2930352.0
2020,1332096.0
2708,2433744.0
4909,1336416.0
2466,2321232.0
1775,433312.0
12376,2953888.0
2125,1130560.0
5632,1550272.0
6177,2001600.0
920,1458688.0
2440,2535120.0
322,1428432.0
3543,1960080.0
45,1547952.0
25,4461664.0
9926,2310016.0
5017,2953616.0
769,1127664.0
749,2760656.0
6121,1263488.0
1955,1789296.0
652,1259424.0
6730,1642752.0
7871,2324384.0
5869,924608.0
8343,1976016.0
1171,1678064.0
9985,1688704.0
12960,2025296.0
1207,1689440.0
6735,887264.0
10534,3751328.0
1780,921648.0
10844,3333872.0
3404,1058016.0
7321,1853344.0
3147,1399408.0
1804,2126480.0
4723,1566576.0
12257,1540208.0
7286,2684400.0
126,1575328.0
7641,2803152.0
8894,2959200.0
12583,4741008.0
2395,2439840.0
11724,4615728.0
3452,1783456.0
5130,1112288.0
4773,2396624.0
1277,604800.0
12261,3351936.0
10582,3161872.0
2542,1166272.0
2536,760944.0
2061,1928544.0
1934,2485136.0
2582,2992672.0
2547,820560.0
3386,2132576.0
2843,1638320.0
4101,1335808.0
11692,3601984.0
9108,2559440.0
6208,3066400.0
1949,1403776.0
341,2880112.0
555,1957200.0
9906,1221840.0
2069,2622256.0
12051,3874624.0
1326,1608656.0
1773,1673216.0
8117,2081168.0
5732,1598560.0
11631,2961424.0
2391,1351616.0
10430,2218496.0
871,1032992.0
963,3263856.0
10425,1440720.0
10157,1100880.0
2044,2254848.0
9042,2245920.0
3008,1724912.0
3548,581168.0
8064,1954912.0
7547,2869360.0
1722,553904.0
1236,2152640.0
1205,1083728.0
3073,1221168.0
2956,1516848.0
927,2045136.0
12931,2696064.0
4660,1373408.0
9908,709392.0
6523,1955008.0
3046,2697440.0
8352,2114688.0
2312,2612816.0
3072,2797200.0
10010,1257344.0
10916,2434384.0
8212,852160.0
3520,2203488.0
176,3546256.0
8883,2308384.0
1689,2011216.0
12939,2850000.0
2729,1631440.0
7633,2137824.0
2292,1859520.0
674,1752928.0
7218,827872.0
556,1840992.0
381,2412624.0
1974,2498224.0
4416,3853520.0
3646,3420624.0
5050,2490112.0
1411,902000.0
8328,1964608.0
1662,2846096.0
1190,2095632.0
10531,3834576.0
2823,2762496.0
1425,864992.0
2400,1141360.0
10896,2491904.0
12857,2523120.0
2112,2722608.0
6886,1469856.0
12267,2746672.0
11988,2251152.0
2522,2523008.0
2528,1384400.0
925,1942288.0
2644,1794960.0
1808,1062224.0
8860,2536656.0
5633,2451360.0
11888,2956896.0
4839,1040032.0
1607,1249584.0
8936,3205584.0
1155,4320880.0
3587,1963808.0
12920,3286048.0
5356,2401184.0
915,3275168.0
7269,2809120.0
574,594400.0
8,527088.0
3273,2171568.0
541,3281904.0
1318,737984.0
811,1237968.0
940,1162720.0
439,1480032.0
1387,3004576.0
2210,2111840.0
6762,3248368.0
2192,2826208.0
4918,4138672.0
12457,1828384.0
2850,1420304.0
1342,1733664.0
1640,2874432.0
821,907216.0
2876,2381552.0
12690,1373648.0
12015,1343040.0
7853,3026704.0
1000,1316048.0
10884,1692752.0
2912,1728672.0
5422,1136928.0
529,1475488.0
971,832176.0
1895,1724384.0
9673,2840432.0
4035,1071328.0
10810,2147712.0
2081,2733632.0
248,1658784.0
369,3594992.0
3654,2149264.0
8993,703088.0
2228,1507696.0
2827,1147280.0
6600,1017696.0
3227,1786368.0
5508,2293952.0
3993,4074848.0
4561,1670240.0
95,2256528.0
75,1488208.0
10147,1440656.0
3869,1288928.0
2736,1428432.0
10816,1802176.0
12713,1182352.0
3015,3017264.0
4988,2605760.0
2528,1828240.0
5558,1059296.0
6162,3324208.0
455,1532704.0
9508,2716240.0
9605,1763120.0
5505,3404496.0
12006,2325296.0
6620,1615424.0
11398,4287360.0
2138,3234768.0
3917,1754000.0
2045,1714304.0
11628,3325712.0
842,2118976.0
8485,2627856.0
5299,2765744.0
7816,2031488.0
3184,3585408.0
1064,1723696.0
3525,3675488.0
1400,2545264.0
3794,2708448.0
3962,1753792.0
1689,2248432.0
221,2713760.0
1124,2262576.0
11585,2897552.0
3972,1336128.0
436,2299920.0
8526,1369952.0
87,1522496.0
1910,5369984.0
12533,2386688.0
1781,2570864.0
10396,2257968.0
768,2833104.0
6775,3011104.0
9387,2813248.0
28,1256464.0
9685,3993792.0
12969,2824672.0
1763,2892992.0
6431,1252688.0
1510,1143344.0
11960,2572032.0
8110,2364064.0
2797,1534800.0
1042,2487632.0
1454,2282400.0
7042,2595488.0
2935,891328.0
8822,1940864.0
368,2833040.0
2066,1141264.0
1811,1485424.0
12162,1949280.0
1324,3498336.0
1700,1947328.0
6316,2836400.0
1840,1825888.0
9229,2462928.0
11823,2842832.0
2588,1495344.0
12838,2101920.0
1019,2868128.0
10448,4665744.0
12576,2504400.0
11792,1723328.0
7965,1702848.0
4286,2766208.0
4337,2239088.0
9254,1438464.0
3836,3094416.0
463,1762096.0
3571,902144.0
1859,2395360.0
2623,589440.0
12065,1596736.0
5574,1835248.0
1542,2463152.0
3322,2536096.0
6719,855536.0
2639,937216.0
8719,1340064.0
3105,1846960.0
12143,1222064.0
7672,3812080.0
11196,2147936.0
3052,2517872.0
12273,827728.0
1437,2868384.0
9104,1944144.0
2456,1149232.0
2334,941376.0
5644,1276816.0
12691,1036336.0
11001,1222080.0
4050,2914320.0
4425,3085296.0
2366,1401696.0
2248,2319792.0
8211,735392.0
2454,1311808.0
1962,1597312.0
7581,2474864.0
9705,1251104.0
152,5134848.0
645,951472.0
9897,1487680.0
5555,2898160.0
4280,3305904.0
2723,573264.0
555,1523408.0
2078,1534848.0
3976,1312320.0
6322,4592112.0
3555,1045120.0
9928,1216352.0
989,2073136.0
3711,1006048.0
1785,1544272.0
8147,359456.0
102,1589472.0
8940,1940624.0
3121,1397152.0
977,2311920.0
753,1036656.0
1027,1706192.0
951,4529184.0
8412,2553872.0
10013,1953456.0
9456,1316960.0
3330,3518480.0
2195,1875344.0
2436,3474288.0
771,1106592.0
2716,1708160.0
12127,1003840.0
8876,1081936.0
3199,1503760.0
4983,2917728.0
11405,4185040.0
3298,797648.0
1073,1585696.0
11482,1970944.0
4692,1921856.0
6396,879136.0
2111,2494432.0
181,1127968.0
932,3019936.0
11523,2705248.0
1390,959952.0
1902,1532736.0
6867,3829488.0
5078,2554528.0
7190,2371136.0
2319,2910992.0
11572,1488736.0
4754,3742464.0
10198,1414928.0
27,1827344.0
815,2594480.0
1521,1735344.0
3364,2671024.0
1283,1185184.0
5859,2359600.0
8332,1898016.0
904,1004864.0
11264,2165072.0
2917,1812368.0
1453,1129984.0
2471,2126688.0
3716,2504944.0
7724,2598784.0
941,2175968.0
6391,2924064.0
787,1647968.0
3811,3105632.0
1795,3748544.0
9074,2517728.0
8729,2474128.0
8514,3718128.0
2634,1037568.0
1478,1526192.0
4011,2935248.0
11715,5297520.0
3369,539616.0
3041,1336256.0
505,2638736.0
9113,2727824.0
6338,3481760.0
2639,2143200.0
12989,1464768.0
7779,1917664.0
5470,1913776.0
6815,448576.0
5408,3274800.0
3675,553904.0
2579,2027552.0
845,1419408.0
993,2018096.0
58,1877840.0
5536,1294000.0
1138,2166960.0
1395,1741648.0
2561,1883664.0
5119,4284032.0
12566,4441248.0
1542,1463792.0
7360,1786864.0
2084,1724128.0
2010,2437024.0
8565,1863456.0
805,2052352.0
1978,1626128.0
11704,2486432.0
12955,990512.0
139,5244880.0
8127,2680208.0
1507,1060672.0
10194,1136064.0
3057,2761696.0
3125,2057904.0
6408,1751120.0
2986,1584032.0
12572,1531872.0
3696,1188352.0
7353,1589088.0
12599,1908608.0
6927,2020928.0
8862,2650480.0
6561,2650240.0
4214,2704416.0
10908,1743264.0
1792,2282752.0
12001,1938768.0
2413,1678928.0
2946,863104.0
2798,1004832.0
3449,1632880.0
2009,2564896.0
7268,3657152.0
10482,1655392.0
363,1205840.0
6465,2755872.0
11095,3311600.0
2554,2042144.0
10964,2189648.0
5177,3057632.0
927,2765232.0
486,1316624.0
7751,2891744.0
568,2814528.0
7308,594544.0
2258,964496.0
3035,3660928.0
5390,3045648.0
2363,2663088.0
139,1733072.0
4874,2390752.0
12418,1820912.0
2365,1371904.0
1483,1327808.0
347,1196128.0
2582,2550992.0
10520,2410016.0
1178,2521936.0
2035,1142064.0
12861,1671520.0
4012,1510016.0
7072,3307712.0
2895,742464.0
3699,3374192.0
115,3362816.0
9718,1005744.0
2792,3249104.0
1149,1384864.0
3063,2137792.0
11215,2964256.0
5974,3184208.0
386,806832.0
724,1322752.0
4129,3331152.0
1230,2342768.0
333,2048496.0
4760,4503376.0
10819,1538256.0
7416,1856864.0
475,1548160.0
1166,1740000.0
1713,3229040.0
3171,1551296.0
834,1414976.0
9584,1832672.0
6298,741488.0
2798,527264.0
1284,926976.0
1211,1458960.0
4674,3153712.0
1979,662304.0
9248,2156960.0
2404,2857232.0
952,3497280.0
8755,1445248.0
5660,1740304.0
4290,3423584.0
1299,1961584.0
12231,2074080.0
808,3468400.0
2838,2104816.0
10017,3939984.0
698,1934720.0
2333,3049680.0
1265,4387504.0
9922,4798112.0
7795,2906096.0
740,1852032.0
1084,723760.0
3673,2341152.0
7824,3064288.0
12760,3765584.0
7843,1848624.0
1169,2569792.0
168,700432.0
2583,4320176.0
3096,4025360.0
11471,1081488.0
2116,1451840.0
7564,1604928.0
8028,2060496.0
2715,1230080.0
2461,3323856.0
3228,1510192.0
6090,669552.0
1821,2888144.0
39,2505936.0
5396,2121712.0
10337,4041376.0
8899,1415904.0
10548,2496656.0
629,3402640.0
6264,2304432.0
3973,1792528.0
12120,728224.0
8116,1839344.0
7166,1432848.0
1674,948768.0
2234,4344416.0
2767,2190560.0
7043,588176.0
2403,5711744.0
3952,2288144.0
3279,1902592.0
10209,4364096.0
3839,3054464.0
1625,1138208.0
2884,3407680.0
9882,580976.0
4592,2913392.0
2778,1667968.0
783,4540032.0
1071,3869808.0
12321,1666752.0
234,1703296.0
11549,1039344.0
2286,2908400.0
1945,1647216.0
8962,2065424.0
1766,1531696.0
5291,1361024.0
8169,4263664.0
2213,580880.0
4743,1604848.0
264,2149888.0
12800,2547568.0
2986,3331088.0
6691,1620256.0
9619,2635520.0
7357,3807696.0
908,1492624.0
11477,3728512.0
658,1692448.0
810,3516832.0
8531,2477984.0
562,1669712.0
37,1075312.0
2218,2232480.0
2015,603024.0
1595,1441840.0
839,2091328.0
1803,638240.0
686,1186640.0
8215,2266192.0
2158,2439296.0
5602,2623616.0
1245,755088.0
3802,614176.0
11839,4159120.0
10393,1129344.0
11063,1076160.0
12912,3458752.0
848,2085968.0
2654,1763376.0
2757,1281760.0
12147,3019968.0
2854,1421920.0
11005,2689200.0
10674,2552048.0
9828,2543120.0
2479,3248336.0
8507,2841344.0
1626,865152.0
295,2969712.0
11120,2306528.0
222,1020624.0
1101,1322016.0
4071,3926496.0
4184,2041040.0
2513,1461888.0
6878,1545184.0
2816,1078240.0
1608,2496496.0
11650,2662064.0
2617,1199456.0
11020,1951424.0
3267,979840.0
6860,3442400.0
10713,926560.0
2329,980272.0
9189,2259600.0
13,1278448.0
2634,1750368.0
313,1992384.0
3085,2575152.0
5599,939008.0
11138,2335392.0
10388,1454080.0
7119,2628096.0
9265,2421792.0
1481,1398384.0
778,4332944.0
3383,3071632.0
6038,3323024.0
9522,3596464.0
5185,1376432.0
9546,1785312.0
11371,3363840.0
1883,2099104.0
10080,4033456.0
2608,3745680.0
2313,1232672.0
6351,5456112.0
12088,1194752.0
4230,2232608.0
727,1842064.0
10333,3434992.0
4125,2360496.0
814,885056.0
1259,1489760.0
5905,960688.0
138,1810544.0
7748,850016.0
1819,1795376.0
6777,4524784.0
6454,2906368.0
9851,2716336.0
2634,2077328.0
3432,796016.0
11716,2691968.0
370,1795472.0
7734,1742848.0
2229,2036496.0
3818,4640608.0
119,1681968.0
3591,2215792.0
175,571248.0
12010,1995120.0
3907,900864.0
10995,874128.0
1905,3523568.0
1870,321344.0
2686,1520912.0
6625,2108368.0
3087,3456992.0
1961,919888.0
1063,2525200.0
2854,2133056.0
3068,2619632.0
5818,853744.0
10506,883760.0
1033,3049184.0
3695,3376160.0
2517,1711168.0
1407,2030224.0
1857,1853584.0
3219,1440064.0
693,1484688.0
2116,3957728.0
2800,2884384.0
903,1405536.0
11217,2974144.0
980,1851728.0
12674,2646320.0
2573,1661104.0
6919,1640624.0
2198,1069520.0
3370,2081776.0
1819,3427600.0
7487,1288752.0
55,3615168.0
1091,1144912.0
837,1902592.0
24,1510000.0
8060,2786192.0
3672,2999280.0
1114,2192032.0
1265,1230768.0
2566,2230144.0
2154,1776272.0
6572,3822896.0
10533,3683872.0
535,2809392.0
7878,2872064.0
10054,4456416.0
17,2709472.0
6709,3517376.0
10189,1405648.0
11938,3255264.0
3300,729888.0
795,1249376.0
1025,1105088.0
4572,3893456.0
9733,2600256.0
11506,2915072.0
9072,1032960.0
3637,2055056.0
12833,3585424.0
6200,2345440.0
2153,2474576.0
11490,2150320.0
777,1585232.0
1834,1253904.0
3175,2045376.0
468,4348352.0
2496,1123104.0
3852,3075408.0
1958,2810752.0
4758,2672048.0
2242,3854576.0
6146,3322208.0
1061,1890304.0
1116,588176.0
2297,5103216.0
12661,1163904.0
13,1475440.0
12339,2672144.0
8806,3719968.0
1748,3412480.0
10974,944432.0
2034,2098064.0
185,1355808.0
1256,1178000.0
1975,1294416.0
779,1748128.0
8009,2192624.0
1186,2704352.0
846,1518896.0
10398,2312288.0
2987,2182960.0
3603,1347776.0
2444,2465184.0
12926,1572176.0
11316,1487680.0
4637,1463920.0
1265,1860688.0
5707,2282848.0
1767,2239184.0
9986,958256.0
8239,2244000.0
2071,846816.0
7026,3171952.0
3489,915440.0
2276,1751600.0
6209,4449520.0
10146,2273344.0
3736,3147408.0
2036,2439184.0
2796,1717312.0
1657,3028800.0
7726,5270480.0
872,1220608.0
3226,1709968.0
2357,1610560.0
4329,2154240.0
2760,2161488.0
2777,1010464.0
12894,3045936.0
7807,4170096.0
1059,1746080.0
241,851184.0
1980,1226272.0
12437,2799264.0
363,660656.0
10005,1514352.0
2326,1472432.0
2267,855456.0
7667,1340160.0
5527,2886976.0
8665,4065088.0
10566,4031200.0
7520,1192512.0
2051,1450272.0
12936,1991824.0
2560,970176.0
1014,3632896.0
416,1488736.0
1079,1045648.0
2339,3167184.0
1337,948480.0
12804,3938288.0
656,991696.0
12470,3350320.0
417,1909712.0
12059,913008.0
931,1842992.0
6440,3246208.0
8022,2608832.0
536,3583520.0
2014,3645808.0
3084,1936240.0
4996,2343808.0
3218,878432.0
2196,3071568.0
1772,2214272.0
6821,2031936.0
1102,2888416.0
2492,458208.0
5024,2260784.0
46,2048880.0
1485,1395168.0
10935,2561776.0
1298,3167792.0
539,1148192.0
571,626224.0
10835,3922976.0
3146,3329616.0
8270,2005760.0
387,1501648.0
2219,1143632.0
11430,2432704.0
1293,722832.0
11660,1358880.0
12327,3338480.0
731,1568160.0
1065,2926400.0
2600,1690496.0
2766,1194384.0
4476,2925360.0
5615,4016720.0
2224,1125504.0
252,1169216.0
11331,2530848.0
10615,2523200.0
3479,1039120.0
1909,1127904.0
12268,1551776.0
5972,2732416.0
7998,4105776.0
1379,2642432.0
11167,2531616.0
2444,2737104.0
1294,3414944.0
8597,840816.0
1550,2932480.0
3474,3595536.0
4856,926064.0
2195,1338944.0
8593,1920800.0
493,2593168.0
9532,2471232.0
1760,2454384.0
2106,1745504.0
2921,644304.0
1089,3281904.0
3266,2121472.0
11065,3980480.0
2732,1588128.0
3499,3449552.0
3915,2449872.0
8496,3747504.0
2841,1235600.0
434,2712880.0
8389,2298192.0
7250,3404608.0
6683,3236432.0
4477,3892400.0
949,2801104.0
1575,2794944.0
236,2039120.0
575,3176704.0
2552,2021920.0
2780,509984.0
2044,1692720.0
989,767360.0
3499,1352512.0
7088,2420656.0
691,1399568.0
2070,1969136.0
8261,828496.0
2671,2441792.0
1253,2513072.0
141,4243472.0
2448,921760.0
346,2773632.0
6002,2785520.0
835,1072768.0
3045,1486576.0
3599,2401184.0
762,1492480.0
3653,1318640.0
120,2080160.0
3129,3479600.0
11986,2245072.0
4960,2767040.0
8938,1853104.0
4470,920496.0
9819,2262896.0
8632,1568400.0
2813,1335120.0
10061,2641696.0
11530,2564960.0
1708,2695136.0
3798,1322560.0
6353,2826912.0
3284,2324960.0
12795,2698784.0
10132,956544.0
1742,2200080.0
498,1959344.0
278,1553104.0
988,2780256.0
2476,1611232.0
7928,2366400.0
3202,1159312.0
9007,3689920.0
3422,1990256.0
873,851136.0
880,1678992.0
6773,1280592.0
7191,5659104.0
1768,984960.0
12694,3243536.0
6996,2308272.0
1407,1274064.0
222,4256944.0
12653,1268304.0
377,2337904.0
3313,1637952.0
2475,1302688.0
3707,708736.0
3260,553264.0
11310,2309648.0
4031,5224528.0
2922,1820176.0
430,1969136.0
1034,1506960.0
2710,489808.0
8358,2082800.0
38,2397824.0
12593,1023520.0
996,1377536.0
7012,4365872.0
518,785040.0
3724,591568.0
2277,1946176.0
11999,2125328.0
10782,2848672.0
3285,528224.0
1266,1640912.0
3528,1351440.0
10775,4118160.0
2574,777792.0
12646,1122464.0
11983,3389520.0
148,1975216.0
1009,1960192.0
526,1103120.0
5414,1518960.0
5,3591840.0
3257,1306976.0
11654,2402736.0
2612,695568.0
8285,2535024.0
5431,1875344.0
2208,2625040.0
399,2771136.0
6006,4049408.0
12791,2510736.0
10807,2251120.0
1475,1186000.0
10870,2751616.0
10106,1990192.0
1340,2645936.0
3655,2482096.0
6747,2572624.0
4806,1430624.0
745,3554608.0
1735,3489968.0
6380,4256944.0
2554,3121056.0
4916,1485136.0
2428,2198208.0
3796,1759104.0
1915,2156784.0
6883,378720.0
4822,757344.0
3505,3424144.0
4305,1525648.0
958,4273792.0
6313,1690608.0
5551,935968.0
9471,2731760.0
5500,4083040.0
12356,1271024.0
11751,2187232.0
7379,2265584.0
594,972688.0
2180,2209248.0
33,2467040.0
7557,657392.0
2443,2319632.0
235,528384.0
12826,2498784.0
6629,2693648.0
5882,2858880.0
6461,2971680.0
2203,2864288.0
122,2839008.0
3961,2840624.0
1135,1933664.0
464,1236608.0
4695,2999664.0
533,1235040.0
8292,2673296.0
8602,1723632.0
124,3102720.0
494,2759488.0
11753,1325968.0
8702,2586448.0
1342,2494160.0
3405,2857840.0
5582,1167504.0
3979,1341696.0
775,1462384.0
9238,3478208.0
11508,1967056.0
27,1892304.0
6272,3039392.0
99,774176.0
5565,2917552.0
4936,3141968.0
3992,2133712.0
9187,3368256.0
6646,665952.0
1096,1642560.0
6230,2704592.0
1847,1883616.0
6,1848896.0
1872,3715552.0
5019,3147536.0
68,2455664.0
1521,2220912.0
3531,1122032.0
2200,2098832.0
942,930176.0
10519,2827328.0
391,2479856.0
3727,917680.0
997,2239312.0
9375,2994560.0
10481,3188368.0
3874,921712.0
3638,384688.0
692,1369568.0
12324,2652352.0
1929,2574256.0
1561,3307760.0
2002,3442368.0
75,869808.0
8928,2464848.0
11624,1724336.0
9384,1895616.0
8849,666032.0
8217,1695664.0
9553,2690416.0
2882,1622960.0
4537,1353872.0
2968,1523824.0
1660,1350800.0
65,1887040.0
2586,2451840.0
3622,2198608.0
10411,933248.0
12568,1021104.0
3969,749392.0
3747,1678896.0
1133,2344576.0
8747,2833808.0
5904,3125088.0
12759,445504.0
10790,4732352.0
10242,3644720.0
10740,1753776.0
2283,1998928.0
2244,1247424.0
794,557264.0
1998,1445776.0
2819,1055648.0
1794,1651168.0
1302,1552976.0
10895,4403264.0
786,1204800.0
938,2141696.0
2965,1303600.0
490,2540288.0
2293,1799120.0
9386,1962160.0
11595,2626224.0
9751,2856768.0
1756,1788272.0
2380,2129024.0
11806,4672688.0
2593,925648.0
4943,1187616.0
431,2429376.0
3126,1668832.0
2270,1860032.0
1335,1516176.0
6336,1530080.0
1075,2325088.0
4302,2069872.0
9520,2020032.0
1527,1156608.0
604,2102528.0
6247,3186416.0
1343,2801280.0
172,1163632.0
5903,2288528.0
2717,1255296.0
5854,546080.0
3771,3778192.0
1945,3711184.0
2136,1304352.0
2468,3028896.0
10508,3217200.0
8735,2844944.0
4748,4156720.0
127,516528.0
1076,1531120.0
473,747568.0
157,2377936.0
1656,919584.0
1922,1547040.0
3132,3388224.0
6342,3253728.0
1286,3070624.0
2663,900464.0
12940,1458160.0
5619,946288.0
4530,1837312.0
5076,2074528.0
8,2267824.0
849,3017072.0
1137,1934096.0
1403,957360.0
5345,2538688.0
491,2596512.0
3239,2494752.0
9804,2794320.0
11878,2851120.0
7481,1381088.0
1304,404848.0
1982,3533712.0
10559,4848368.0
6293,3430928.0
2565,2200592.0
612,3733232.0
11909,1474416.0
12050,3881072.0
1841,3227408.0
11522,1827616.0
1298,1473648.0
10222,4372736.0
3097,2694320.0
5137,1556560.0
2369,5680096.0
684,3211776.0
6580,1318864.0
1246,2316672.0
9843,2872736.0
3141,2879200.0
8004,2160800.0
5308,3089136.0
290,939504.0
3220,1832384.0
6078,3632224.0
7220,2869008.0
7266,2959552.0
5806,2380512.0
3149,2100608.0
1555,1806064.0
1406,1425136.0
749,1063424.0
7430,2163184.0
11340,4903264.0
4056,713488.0
2478,1407152.0
204,675104.0
7864,1840832.0
3777,2246912.0
1927,1562768.0
1392,1163008.0
720,1576960.0
3989,1065120.0
2479,2422560.0
4017,1673760.0
2110,1045184.0
5821,3938720.0
3602,859488.0
145,1462176.0
56,2717120.0
11495,1207904.0
2879,1630480.0
10218,1598064.0
1344,1012592.0
2908,952032.0
5009,2416208.0
9204,1071360.0
1078,2695136.0
5334,3068576.0
1518,1070384.0
9801,2821760.0
1203,3468560.0
1500,1731840.0
6028,3155904.0
2882,1709040.0
8244,2763808.0
10256,2588000.0
2322,699776.0
10825,3001088.0
72,1095584.0
12640,1378000.0
1762,3191472.0
9488,1826304.0
2928,3080384.0
11913,3322736.0
1711,4651280.0
3598,4074848.0
2571,915696.0
5519,872064.0
1820,2665584.0
1264,1916496.0
825,1741216.0
2506,3188368.0
6505,2680448.0
4210,1605600.0
1702,967376.0
1247,1371152.0
10552,2299344.0
2311,3092592.0
9288,936288.0
2980,2286496.0
2250,1297184.0
8069,3000896.0
697,737952.0
8622,3244752.0
350,2630448.0
2373,3505840.0
8841,1963104.0
4614,1644048.0
660,3557936.0
2557,2278912.0
3649,2603968.0
12921,1058208.0
7799,3495472.0
3103,1096048.0
9268,1979936.0
2912,2497504.0
7173,919728.0
3953,1658624.0
1750,1208944.0
3538,1443728.0
897,289376.0
388,785744.0
9775,4510848.0
938,872544.0
3556,2362144.0
398,1469440.0
2659,2563360.0
638,1970416.0
6954,1057568.0
4215,2974720.0
1223,2080480.0
2808,1307104.0
3602,2948800.0
7323,2506592.0
6593,3486816.0
3500,4206544.0
2339,1875344.0
1158,1290224.0
11684,2061824.0
388,3278544.0
12658,3473600.0
1014,3983728.0
2539,970032.0
12569,2825344.0
12259,1125936.0
8284,2493280.0
2330,1602096.0
10672,1599936.0
2828,996176.0
1990,983664.0
8520,751728.0
18,757712.0
1660,2108272.0
177,646640.0
665,1556688.0
3172,2641104.0
8599,886320.0
2651,2021920.0
2690,1355136.0
4090,2340352.0
1781,1370416.0
11271,2513296.0
11802,2309600.0
10695,717088.0
11241,2584144.0
3483,1408432.0
572,2018096.0
3939,3015744.0
7146,1209296.0
2739,4103008.0
9232,4897232.0
4729,1262480.0
966,1825536.0
7115,1686432.0
1688,3394448.0
3098,1478224.0
7347,4320432.0
9549,3030064.0
6612,1711376.0
1252,4591440.0
3821,2413936.0
6657,1626592.0
12812,4602160.0
2135,2586288.0
1759,2285152.0
545,3389184.0
8863,2648672.0
6365,2865008.0
3711,2217184.0
7541,1696352.0
5720,2040512.0
1446,3468400.0
3791,2057648.0
3893,2430144.0
3775,2019968.0
1273,4321792.0
7025,2589440.0
7313,2159264.0
382,2271072.0
8639,2818000.0
9831,2426784.0
1007,1893920.0
6037,1882512.0
12605,2721664.0
619,1322000.0
1627,2366720.0
2530,3919248.0
1444,2272560.0
83,1858112.0
8915,3172176.0
3008,1669520.0
2610,1466752.0
457,1878080.0
11978,1587088.0
12365,2140048.0
3883,577904.0
2961,1760320.0
2421,2109616.0
2611,1110992.0
302,1662096.0
516,2073056.0
361,2654144.0
3466,2370560.0
11171,3030704.0
8543,3181328.0
201,1386304.0
10686,3236320.0
7306,734736.0
1528,1119952.0
330,1642704.0
12278,1985840.0
8108,2804768.0
3959,1289696.0
3719,2019840.0
4949,2858704.0
520,2833936.0
5474,2731744.0
152,1159168.0
3481,931216.0
7991,1225280.0
12180,1938832.0
7640,1519712.0
1207,2596864.0
11905,1254368.0
2631,855648.0
1109,1615968.0
3274,1898032.0
10133,1847552.0
12475,3555872.0
8365,4432704.0
12929,526832.0
2156,4431552.0
728,2420864.0
723,1037872.0
10673,1994848.0
1405,2146080.0
288,3391072.0
9366,4898544.0
3168,2911104.0
509,4818512.0
10112,2168832.0
221,2654144.0
2575,1559376.0
189,2789520.0
11173,1855440.0
8778,1877536.0
7078,2198496.0
308,839776.0
4663,2582112.0
9209,2411552.0
9085,1672560.0
6557,1714384.0
2535,3339104.0
329,2293520.0
4631,1767600.0
1687,1741056.0
4026,516032.0
649,2264704.0
10457,1493680.0
7773,2845584.0
1639,1425088.0
8278,3082976.0
3498,2806592.0
921,1232704.0
11901,1425408.0
866,2364944.0
6398,4786960.0
543,2691136.0
2867,684160.0
8877,1063408.0
12316,878048.0
1004,1917824.0
12332,2186496.0
5672,4740608.0
12417,1322864.0
9802,1651952.0
3471,3977264.0
752,1757056.0
760,1503056.0
1666,2146064.0
1950,1021040.0
1939,1101680.0
218,4820544.0
3506,1764336.0
3687,1583152.0
1023,1341408.0
7932,4151072.0
3755,1570400.0
295,937536.0
510,1099648.0
6913,1183104.0
2142,1770544.0
1986,3105776.0
5659,907776.0
10829,3390080.0
9539,1306720.0
3543,729072.0
10168,3887808.0
8139,2645376.0
9235,3000240.0
9062,2958544.0
3234,1160192.0
832,1954928.0
3350,1993968.0
11152,1012960.0
537,1536640.0
1902,496592.0
3099,2251120.0
1714,3137968.0
11668,3658336.0
404,3522512.0
4903,2246096.0
2753,3307760.0
7682,2899680.0
523,1549008.0
3693,3005232.0
1703,1698880.0
6291,4215072.0
2747,3236672.0
5277,3158304.0
8941,3722464.0
2850,979600.0
2816,830704.0
8250,1493328.0
5327,2296288.0
7141,2405472.0
913,3351488.0
188,3746544.0
7922,2581984.0
2037,2947504.0
8646,1404544.0
3022,2210320.0
8704,2595696.0
1274,3001664.0
10169,4107808.0
3025,1759232.0
4271,3719856.0
4257,1119808.0
5926,2071280.0
2937,1416752.0
797,4390096.0
1715,2655024.0
1052,1298880.0
2919,2129920.0
261,1469344.0
1682,1692592.0
9018,638016.0
11204,1063952.0
940,1494224.0
6518,975088.0
78,1607712.0
3860,1654640.0
12489,1976400.0
5354,3078816.0
3770,3505840.0
3487,1757664.0
3659,1321632.0
6944,4630800.0
2744,1183216.0
5679,975696.0
1747,2805104.0
11683,2090496.0
226,1815040.0
2877,3079776.0
7914,2132768.0
11106,2104208.0
334,2968864.0
8237,2738320.0
768,878160.0
1033,2146800.0
10681,1322288.0
2952,2284912.0
1380,1320720.0
875,2081376.0
1916,1167824.0
1528,1108720.0
3354,698224.0
983,890896.0
12884,1320608.0
117,2227904.0
4709,2932768.0
4520,1395872.0
10422,976752.0
748,3484752.0
11611,3017936.0
1153,1779792.0
813,3700224.0
4700,2518112.0
2118,1590368.0
3692,2500016.0
3693,1116000.0
2903,3513200.0
987,1373712.0
8271,830608.0
3659,1245760.0
2432,2106528.0
1280,909856.0
3278,2351056.0
9459,1570480.0
812,2352032.0
3640,2870640.0
5661,1831008.0
11974,1836672.0
2292,2066880.0
1613,2321936.0
8315,2872160.0
5341,2037216.0
2574,3119616.0
8783,2565744.0
4863,2481264.0
8073,4699360.0
2838,2633408.0
574,2827088.0
1868,3765424.0
1576,2169408.0
3946,1921456.0
1615,832560.0
2332,1192160.0
1178,4487664.0
38,1717536.0
10246,1521584.0
9530,2020112.0
392,1280816.0
1053,1462944.0
8410,1305696.0
6095,1392096.0
3584,1522080.0
2995,1866768.0
9081,1423248.0
11276,2062928.0
4139,5183488.0
1620,1505728.0
5841,1577440.0
9165,2402064.0
6058,1442416.0
783,2398368.0
6325,2427440.0
11330,3511280.0
12732,1182192.0
1778,4576576.0
1484,1475120.0
5373,2431056.0
3440,633552.0
12501,1719408.0
1054,433472.0
2687,1280784.0
1904,1844944.0
1497,2870160.0
591,1308592.0
639,1223072.0
567,3370896.0
10613,2886656.0
1273,1955584.0
8616,3946464.0
3722,799088.0
2890,603744.0
11636,3021760.0
6238,1660736.0
2677,2998128.0
3428,4029728.0
9376,2713472.0
2522,2828848.0
54,879216.0
12447,2551408.0
2792,869408.0
361,4394736.0
2803,3664320.0
7902,1872144.0
7462,4503328.0
1577,2352224.0
2035,979536.0
3293,3774496.0
2586,3090944.0
4153,956496.0
2075,1582832.0
7579,4866656.0
12139,1416736.0
4255,1709248.0
1021,1741776.0
8549,2138976.0
2694,1193328.0
1026,1112464.0
12153,2760640.0
1334,1959008.0
12057,1358768.0
1736,2830416.0
6656,4178560.0
2944,793232.0
9586,1166352.0
8238,1480288.0
8769,1311488.0
1596,1981856.0
2099,1403408.0
945,1958800.0
3604,1811344.0
4420,1470208.0
5477,2411120.0
1349,1159680.0
12615,3449424.0
12561,2332432.0
970,858736.0
5352,3643472.0
10750,1615136.0
2180,819168.0
3178,2582672.0
2088,1764736.0
2,3026496.0
10324,2809248.0
155,863696.0
5724,2866032.0
758,1605360.0
7228,1915536.0
4889,3073104.0
11017,1974848.0
8304,3116576.0
9480,2122560.0
2736,1723472.0
5121,1358880.0
5622,2231584.0
760,2009392.0
8687,3656944.0
3867,3828960.0
2411,2381056.0
4086,2174352.0
12400,1645424.0
6797,991568.0
1034,1495504.0
1783,3108112.0
2753,1887232.0
1920,2153200.0
10888,1193344.0
12513,2164208.0
5594,1771424.0
5812,961760.0
5147,1721424.0
6057,2160656.0
6220,2158272.0
7145,2654160.0
6356,2588944.0
7028,1301008.0
3140,314560.0
9098,2755808.0
255,1573712.0
280,703696.0
2385,2769392.0
2943,4049408.0
5517,1779680.0
1024,1341712.0
103,2334752.0
7912,1970768.0
2161,3253408.0
8001,2586528.0
1260,812592.0
3938,1203264.0
3880,2588096.0
1691,1176368.0
2982,3442400.0
426,1784560.0
1168,1595296.0
966,3433328.0
883,1815488.0
12364,1164576.0
4765,884864.0
2079,2101584.0
7711,1908096.0
1775,1307728.0
12559,3948032.0
2769,785296.0
2980,1032880.0
795,2399712.0
2822,1555328.0
6553,1479440.0
691,2785600.0
760,2622352.0
963,1371280.0
1964,2384512.0
12886,4687648.0
9857,1426272.0
3880,1068288.0
12901,1990048.0
2717,1828064.0
10475,1333264.0
812,3459248.0
2926,1140800.0
10280,3503472.0
4843,2497792.0
1447,1445536.0
12175,1676640.0
708,1784960.0
2112,3674224.0
7628,1962224.0
6669,2554624.0
3299,2546176.0
3524,1524384.0
210,3913616.0
4604,4420736.0
1734,2006672.0
1047,2353600.0
5435,3960128.0
4340,2667616.0
9920,3980128.0
4132,1183696.0
3627,2738768.0
12031,2795712.0
331,1538896.0
5684,3953536.0
7512,2081168.0
1890,915424.0
12741,2923200.0
5317,4190160.0
10892,994400.0
403,2211600.0
9796,1398368.0
3682,578768.0
3056,2630272.0
527,1435312.0
8068,1452368.0
11102,1238944.0
2489,3346976.0
11036,2674336.0
3443,1951056.0
1341,990144.0
4924,2152096.0
1459,784864.0
7003,2073488.0
618,2189760.0
11087,1059216.0
11465,2132176.0
5074,1926672.0
1049,3048752.0
3275,1747680.0
12431,2113744.0
3135,1860672.0
11764,4334464.0
1115,5214800.0
853,1781680.0
12846,3420608.0
1392,2771392.0
6219,2109888.0
1641,982560.0
11296,1651024.0
1410,1180800.0
3080,575936.0
1540,1281760.0
5919,1632224.0
11965,2670320.0
11035,1989008.0
2132,1626128.0
10426,2960400.0
8958,636720.0
3336,1939328.0
2343,4956944.0
5038,3993312.0
12628,2732080.0
6753,2675712.0
3879,2929792.0
6410,3246128.0
12582,2789472.0
4774,2205216.0
5109,2981856.0
1493,699776.0
4796,1475216.0
441,1642160.0
3568,1880592.0
4618,1204784.0
394,2810496.0
9342,1249152.0
1552,4160640.0
570,1045648.0
3890,978864.0
826,578704.0
11067,2596336.0
584,1086864.0
12019,2506592.0
9281,1477664.0
11258,1489056.0
1487,1390432.0
528,1916896.0
11928,2334896.0
6077,2139552.0
2550,992608.0
3568,2447712.0
3338,1056912.0
66,1532752.0
15,1645152.0
11762,2838720.0
3575,1874544.0
3633,965264.0
5617,2955328.0
2648,1650272.0
9896,778928.0
12666,2051600.0
9847,2538864.0
1837,721072.0
2471,3015376.0
1324,1907936.0
6309,2531680.0
3174,4324528.0
595,868176.0
2108,672752.0
743,2699328.0
8693,2422512.0
685,2418816.0
1236,935584.0
1552,2654144.0
12822,3416480.0
2705,1070336.0
6990,1279600.0
6901,3045936.0
9925,3432208.0
9067,4213584.0
1383,1101168.0
6915,1893920.0
8686,3339936.0
2396,806368.0
11469,1167216.0
496,1409728.0
2446,1787552.0
7705,2621744.0
11563,4087072.0
11295,1468432.0
1498,1199088.0
1346,1969008.0
9337,1610752.0
1703,2029536.0
4957,2268176.0
10026,2035344.0
1828,644448.0
3384,1084320.0
6888,2316864.0
2527,1019120.0
1904,2297024.0
3311,1870384.0
3356,3117680.0
11689,3290416.0
5524,1519088.0
7838,2507056.0
9162,3037008.0
12446,2450496.0
8503,2587872.0
11088,1809616.0
2584,1298144.0
2642,1667952.0
3579,1517248.0
5110,1579760.0
3301,3401648.0
275,901728.0
1466,1847952.0
12696,3052224.0
6265,847808.0
9401,3152672.0
835,3029888.0
9862,2803904.0
9614,2882064.0
12949,2146128.0
7498,3279968.0
11752,2871088.0
878,1891280.0
8568,2150080.0
1360,3079776.0
2613,609744.0
552,1416096.0
1977,4185120.0
12244,2814608.0
451,1374672.0
1821,1177968.0
477,1713696.0
9419,1342048.0
8360,2342352.0
5421,2744768.0
2276,3221328.0
601,1111456.0
6297,4183712.0
2735,2769456.0
1721,1596960.0
877,644864.0
3046,3727712.0
8706,786816.0
6376,1187952.0
6634,2899632.0
699,2494896.0
480,2337920.0
1170,1117696.0
2977,2679472.0
7983,2632768.0
791,1974864.0
10277,1031392.0
6076,2677648.0
2609,2275680.0
287,3260464.0
31,2472080.0
10323,3181104.0
626,753696.0
191,1761776.0
6591,3204288.0
3522,1849920.0
710,1624880.0
5243,1725952.0
510,1241104.0
661,493008.0
7100,842416.0
747,2095040.0
6132,2478272.0
10174,2618976.0
5257,3070864.0
9163,1889232.0
12967,2893552.0
12860,2278448.0
2369,1405920.0
1329,2551728.0
11608,829168.0
657,4639760.0
3482,689808.0
3045,1314864.0
920,1977760.0
3355,5372480.0
9723,4253264.0
4517,3972144.0
1674,1697920.0
11446,1188352.0
12117,5065056.0
380,1291104.0
80,375968.0
3058,1607952.0
2056,2066688.0
8551,2430496.0
3248,3342224.0
5120,2720384.0
3279,2540096.0
3714,428896.0
10336,3223440.0
2503,1006784.0
5104,2693472.0
5342,1106848.0
3308,1470096.0
1479,363488.0
2149,3516880.0
599,2794688.0
2430,1426704.0
4502,3252304.0
4299,2449552.0
1129,1494752.0
12330,2301408.0
6352,2762160.0
9633,4572368.0
3881,2265344.0
3032,3906256.0
1326,3011584.0
4518,4628720.0
8516,3110288.0
4585,1303392.0
6245,4004160.0
6204,2563296.0
7320,2210320.0
8613,2040496.0
2566,1080624.0
993,1521216.0
10355,1869984.0
7234,3324032.0
1546,4296304.0
5214,3751840.0
3049,1853984.0
3758,1555184.0
1193,1815616.0
9242,1858128.0
2592,1118304.0
2932,1239648.0
1046,676016.0
786,823152.0
2990,1671920.0
11112,3032384.0
2393,1463696.0
2806,2554016.0
7345,1595360.0
3562,1942208.0
3367,1856752.0
8136,2191360.0
9117,1973296.0
1478,1353232.0
1336,520336.0
3187,3313536.0
424,2304544.0
4183,2370432.0
5975,2394448.0
1407,1687488.0
8039,2017232.0
3717,868304.0
9326,831616.0
4955,582288.0
10098,2923616.0
1374,1194928.0
3351,4321504.0
9321,1373520.0
9929,1960560.0
1371,2895968.0
2427,793584.0
7278,2549920.0
3036,1164144.0
3882,1705600.0
8254,1505008.0
12309,2002272.0
2721,1089648.0
2045,1813616.0
1143,3914864.0
310,1795552.0
6489,641024.0
1723,3572912.0
8931,2184528.0
980,1924656.0
6263,1558480.0
1588,2564880.0
3975,2171648.0
10307,3736208.0
5252,4840528.0
2771,1004976.0
3554,1687504.0
2472,1686208.0
5625,1519424.0
3316,2971600.0
11478,4722592.0
7585,3032960.0
4064,1670048.0
5247,1501312.0
1631,3196400.0
2512,1267200.0
1445,2578256.0
864,1532960.0
72,2746560.0
3418,1934880.0
10580,2610480.0
2133,1152144.0
5448,2775600.0
11708,2472624.0
890,3362816.0
11996,2809008.0
7069,2599104.0
2765,2553248.0
10402,1351152.0
4834,1956144.0
118,1156960.0
9329,1572624.0
2875,1486048.0
965,2401280.0
962,1436880.0
6617,2620320.0
6117,2290448.0
8654,1657744.0
4757,3010112.0
10763,2709856.0
7938,1128032.0
3271,768736.0
403,2775280.0
10042,3302560.0
12907,1249424.0
6997,4705152.0
3164,1508288.0
8016,1811872.0
9122,3656112.0
3170,1887440.0
6842,2470944.0
3102,2340832.0
1933,1546752.0
10857,2677856.0
4106,4472240.0
329,3208336.0
11931,1714576.0
797,1497152.0
11419,3505840.0
12280,980048.0
9664,3022064.0
413,4046896.0
2787,479120.0
52,1231696.0
8794,2493072.0
4577,4510576.0
993,1922416.0
2835,1430032.0
590,1711840.0
2941,2604320.0
3033,1290352.0
5485,1110272.0
1863,2176256.0
59,1651040.0
2780,976544.0
5768,3663744.0
5494,3237536.0
10605,2035216.0
2021,1209616.0
6279,1624880.0
385,3269008.0
2475,6683392.0
517,1258256.0
7929,1805392.0
8463,657840.0
10636,6064240.0
6758,1681200.0
4886,4814912.0
190,2714080.0
3582,2841472.0
2365,1683040.0
851,1750208.0
11003,2110768.0
2973,1504560.0
3945,491872.0
1463,3427680.0
12874,2901152.0
10268,880656.0
1524,1266128.0
1934,1804864.0
2083,2400688.0
1443,1941808.0
1755,1633168.0
1375,907488.0
78,3886176.0
1263,1907936.0
3674,1445776.0
2864,2839440.0
26,1227088.0
1541,1373584.0
7562,2163184.0
2010,1617984.0
324,2187840.0
8655,2492720.0
4235,2289952.0
111,1277936.0
771,1611072.0
1504,1073440.0
5525,3266800.0
3972,2225120.0
2435,544432.0
304,1989200.0
685,2084768.0
2067,2196352.0
10461,2394496.0
525,582784.0
2276,3485200.0
4902,3327024.0
10611,5115616.0
2695,1960272.0
6585,1025776.0
538,1162432.0
3526,2262016.0
7969,1756032.0
10261,2397920.0
8478,1923456.0
9408,2697632.0
2264,1485376.0
10631,1946336.0
3590,1829424.0
10798,1271024.0
2299,1376656.0
4733,1573440.0
2877,1275472.0
1843,1661088.0
931,1918672.0
9838,1344640.0
12702,1510160.0
1289,3607952.0
9252,5120544.0
11034,3159824.0
1816,766256.0
8344,1538400.0
6253,4671680.0
7194,1651408.0
1910,2006672.0
4300,1126864.0
1593,1533376.0
2908,1012400.0
1482,2018224.0
1440,1082912.0
7517,1762432.0
11645,3150464.0
6375,2033424.0
3971,2330928.0
9552,2477200.0
11189,4870288.0
8265,2868048.0
5624,2019648.0
3584,2568640.0
7769,2126400.0
972,2037280.0
5787,2392320.0
3380,1334480.0
213,2587872.0
7394,3328384.0
2745,2968592.0
3562,2141648.0
11332,2823136.0
12505,3093456.0
4177,1578944.0
2660,1777456.0
10823,1191200.0
2750,3039440.0
631,1370000.0
2038,2068928.0
84,2246912.0
6626,2659136.0
12242,2595648.0
1322,1578544.0
6866,3055792.0
10834,2289200.0
8283,2558224.0
6026,2159792.0
59,2365392.0
11995,1304480.0
3330,1173088.0
2316,2685520.0
6566,3626832.0
497,2112992.0
3647,1443984.0
2909,987472.0
2794,609104.0
3037,979344.0
2390,2038128.0
10497,2241120.0
11166,3240448.0
2627,1815216.0
3784,2074800.0
508,3078640.0
6943,2245040.0
12914,1773840.0
1554,4544048.0
77,2593136.0
867,1532752.0
1817,2658272.0
2572,942480.0
10890,1972192.0
10986,3135296.0
1975,1577120.0
11756,2106176.0
1157,2719968.0
1631,1263248.0
428,2264256.0
11145,3652736.0
496,1427056.0
5102,2367792.0
7819,4251136.0
2518,1769632.0
2475,2459840.0
7424,1011280.0
3219,1484336.0
2222,1936576.0
4727,5585696.0
2279,793872.0
11770,4340704.0
2665,664112.0
12410,2941616.0
12,1574688.0
1217,1197664.0
5702,2785824.0
3500,2616464.0
6763,3031632.0
5933,2360208.0
12971,2544016.0
8268,1386208.0
943,2463584.0
508,2807328.0
3705,2320672.0
3647,2386896.0
8183,2982864.0
3760,2118544.0
4907,2469984.0
7350,4114416.0
4154,2955376.0
216,1248928.0
3480,4088464.0
1729,895808.0
1306,1601584.0
1591,1664416.0
10243,1497904.0
3626,1922800.0
2348,1816416.0
5248,3548000.0
9231,2353184.0
614,2320880.0
7436,2304432.0
1228,1285952.0
7966,1287632.0
2245,1709424.0
2382,3087648.0
7891,2106128.0
1075,1447456.0
1473,1765376.0
49,1601056.0
1027,1914848.0
3848,2935824.0
2252,2487104.0
596,1844656.0
4973,1160720.0
1786,547632.0
1264,1586288.0
596,628640.0
1888,1377440.0
7369,1780544.0
2235,915504.0
2520,941600.0
358,1121520.0
3430,890896.0
10161,3260720.0
10652,4315584.0
11698,3562880.0
730,2027136.0
1157,1201280.0
22,996208.0
10409,1804576.0
1850,4871504.0
1410,2338080.0
2288,709792.0
1159,905920.0
8056,2002512.0
10799,1683440.0
7745,1237328.0
1536,1108848.0
2975,1174048.0
12420,3205296.0
2215,799520.0
9125,1932368.0
12464,4880864.0
12870,2547744.0
11231,2039216.0
3464,1462304.0
5965,1303968.0
2824,562480.0
7299,2897664.0
8902,1850864.0
5799,2506576.0
5943,1811152.0
10120,2646816.0
268,1696944.0
5571,2199280.0
1008,2688880.0
9708,355184.0
11214,1001552.0
12033,2981520.0
1701,1332672.0
5709,1244608.0
3434,3064080.0
7099,1769952.0
4223,4016928.0
73,1699616.0
6880,774336.0
6741,1914768.0
4529,1820720.0
1776,1184784.0
2483,3778192.0
174,1836048.0
8584,3710816.0
934,1090272.0
668,3095024.0
11819,2162048.0
1461,2466992.0
400,1932272.0
276,1316336.0
1333,2600016.0
1694,5283920.0
10603,1494288.0
4006,4587888.0
11172,3580400.0
10717,2988304.0
4493,785696.0
8349,3304944.0
10707,3962160.0
2163,1476192.0
2160,2412480.0
5138,2394496.0
761,541744.0
707,2041984.0
2703,2653344.0
11801,1062352.0
3283,1209632.0
1628,2338928.0
9866,2638736.0
3329,1760480.0
10053,2525200.0
1000,2539232.0
533,2900720.0
6928,1698880.0
1391,2792928.0
616,1121760.0
141,1632352.0
9885,3313936.0
9244,1681376.0
8566,2637504.0
2902,894016.0
1532,2163184.0
2870,2006288.0
858,2762240.0
7574,2777232.0
4550,1615136.0
2909,2955584.0
631,4261712.0
12053,1215840.0
8243,2224688.0
6795,3119280.0
287,2020336.0
7337,2099920.0
9494,1904640.0
7104,2058768.0
11251,1350736.0
4030,1080704.0
15,1092704.0
498,2504240.0
11199,1960704.0
3400,1559696.0
3921,1889024.0
6328,3255360.0
2762,2708192.0
3194,1452128.0
11161,3541840.0
183,1813648.0
2034,1055104.0
829,489552.0
11976,2633968.0
5054,4331376.0
2995,2519056.0
12743,1512128.0
6685,3013888.0
1872,1471568.0
4088,4058576.0
4978,2742112.0
6437,1863712.0
1489,2340272.0
2308,2840512.0
12616,2254528.0
2933,2507520.0
2614,701232.0
694,1537456.0
108,1023008.0
3616,1148608.0
2942,1493040.0
1843,2379952.0
1798,618288.0
6772,2107776.0
9544,2817904.0
12663,2875936.0
7886,1170496.0
4083,3032960.0
1516,1451936.0
9130,2542384.0
1139,1511776.0
11504,6804304.0
1950,1390384.0
8293,2184272.0
1663,3638320.0
10818,2569792.0
2580,1795936.0
3210,756272.0
10800,1996544.0
10353,1767152.0
2092,789360.0
359,574976.0
5025,2807360.0
6851,2549168.0
10060,1104192.0
3940,1619200.0
161,2173888.0
648,2894064.0
1715,1379344.0
6021,1700704.0
1701,1262608.0
3953,2749952.0
2542,1455456.0
509,1708480.0
821,2885456.0
4283,2281392.0
348,1424896.0
12348,1235136.0
11674,1952288.0
2511,1707984.0
3664,1389104.0
959,1044480.0
8767,1234672.0
1002,586112.0
773,2037680.0
1431,1222592.0
9166,1017168.0
2252,1975424.0
7631,3352368.0
3242,1380784.0
137,1863728.0
6920,1725120.0
5510,3251552.0
2509,1181072.0
6881,2868032.0
8247,2893504.0
10932,3937664.0
8524,1978336.0
6304,3346448.0
742,2242384.0
1317,1503280.0
3235,1248112.0
10181,2220320.0
3535,1848896.0
1693,1598960.0
2254,1571104.0
11696,2865136.0
7399,1326352.0
7770,3192848.0
5263,2753616.0
483,825984.0
4378,2863888.0
7255,2125120.0
3260,2941056.0
7518,1832544.0
3093,1782912.0
5493,993392.0
958,666112.0
2476,2612816.0
11851,1016544.0
5834,1547904.0
1130,1610560.0
7459,1288336.0
10248,1885520.0
2466,2081888.0
10257,5918960.0
9364,3319536.0
3089,5517424.0
1566,699584.0
9518,1385536.0
12035,960848.0
2490,1604560.0
2983,1293088.0
2356,1928768.0
2545,1020288.0
3312,1746800.0
1117,1157664.0
23,2086256.0
1087,1114192.0
6386,924688.0
7470,1638704.0
1757,2833728.0
9056,1053408.0
8483,1635408.0
2391,4138480.0
35,2145600.0
5355,3964512.0
9759,1760320.0
1304,2540224.0
3886,1129344.0
6818,2230800.0
2124,2073904.0
249,3412368.0
12953,2274640.0
630,1681984.0
10522,1080000.0
10338,2040336.0
3718,2778400.0
9797,1787456.0
2718,1664640.0
11744,2753920.0
11749,1666096.0
1809,823008.0
3990,1403376.0
1349,1222320.0
3082,3258208.0
514,543104.0
2856,1383360.0
2166,1993968.0
4314,2330416.0
11408,3790768.0
2827,1693264.0
176,1682144.0
3062,2052832.0
7695,3490032.0
4571,2687024.0
11785,2643024.0
6579,2556336.0
2193,1881600.0
1756,1492192.0
11942,1011584.0
3891,4040016.0
8310,1579648.0
465,2326432.0
7066,1521712.0
10359,1156544.0
4403,3300704.0
10310,3153328.0
4643,4469648.0
3399,2369552.0
332,1312688.0
3319,1260624.0
2192,1851808.0
187,1721984.0
12995,2244800.0
4349,2405344.0
1218,1709584.0
10943,1606720.0
12675,2648768.0
384,1612288.0
2886,1515648.0
2544,1577648.0
609,3630032.0
2977,2148576.0
182,1205696.0
1150,2089280.0
472,2677216.0
12752,3416848.0
2807,1134512.0
2756,3073584.0
2456,3989760.0
3021,2461024.0
5145,4209136.0
1850,792208.0
1598,4993536.0
9697,2525216.0
36,1874352.0
12179,993232.0
3828,1599936.0
5180,2921824.0
3722,5154816.0
1261,2201936.0
2962,1028000.0
1151,454208.0
8080,1368304.0
1877,2369520.0
6478,1762608.0
3381,3431536.0
2965,1558736.0
10735,2764128.0
1070,2511920.0
3662,2038000.0
1344,589632.0
7354,2716784.0
461,3269008.0
703,1652128.0
7977,2527568.0
1266,1563664.0
4658,2445808.0
3878,3082912.0
1514,524656.0
3355,989408.0
229,1610512.0
5023,1121520.0
2168,574736.0
3124,2366016.0
9118,3881072.0
7051,2388368.0
246,623792.0
2980,2507728.0
1651,1407728.0
6082,2399520.0
3089,2319952.0
7758,2837920.0
3777,3758720.0
7962,1772944.0
303,1513680.0
1689,2045616.0
1027,1354176.0
2646,742912.0
2162,2766480.0
11461,452144.0
2844,728928.0
12933,3176464.0
1837,1277168.0
5775,3316688.0
11861,1323664.0
5386,2356832.0
7916,3923840.0
1895,2186272.0
961,1741056.0
528,1648688.0
8142,1944848.0
534,845760.0
1053,3698816.0
12866,1959584.0
4320,2715872.0
8286,1567904.0
2664,987472.0
1131,1001136.0
4134,2645936.0
4739,2162672.0
4970,2176800.0
11447,1805696.0
94,4084560.0
791,1184480.0
11671,3867968.0
11048,1586416.0
857,1110864.0
7945,3882096.0
12958,2900656.0
8436,1510096.0
6740,2534272.0
9078,1373344.0
274,2369904.0
12499,2409312.0
2948,3112432.0
1841,2504848.0
8889,709728.0
11591,1046704.0
1433,2446768.0
3028,2200800.0
8961,2978864.0
12487,1692752.0
7691,1782784.0
5612,2040992.0
11045,4260672.0
12317,3312464.0
4013,2068352.0
300,1553056.0
2035,2579696.0
3373,2731152.0
6713,1274880.0
1875,1215200.0
1121,600208.0
12909,1743264.0
9291,1835968.0
7949,2777600.0
2513,2128400.0
3785,300208.0
5967,1431232.0
2138,2555296.0
1035,2093712.0
8054,3679600.0
1973,3750944.0
457,2049536.0
10658,4335600.0
2813,528288.0
1926,1325104.0
10958,1989696.0
8219,3137968.0
2724,3980816.0
1067,3594064.0
7002,2571488.0
1414,964144.0
10357,2025104.0
3774,3974400.0
2617,1926288.0
3817,1253712.0
289,2797920.0
11459,2398784.0
2956,1551776.0
722,1819280.0
6914,1238528.0
458,1116512.0
2968,2821024.0
3987,1916000.0
1602,1782000.0
214,881376.0
756,1128992.0
12279,2598784.0
2355,1209472.0
11701,1030496.0
658,1290352.0
6831,1461072.0
8177,1272672.0
3347,2350608.0
6999,4940496.0
623,2042864.0
1179,2304208.0
12118,4133040.0
5238,3109216.0
4862,1092816.0
1117,972240.0
456,2498176.0
3514,1580400.0
12209,3801536.0
2190,1099472.0
2322,2782784.0
4759,2837312.0
4077,1112864.0
1485,1299392.0
4107,1658128.0
7975,4331472.0
6255,3366944.0
298,2300640.0
3812,2459840.0
12304,1635120.0
2901,1175648.0
192,4694768.0
8375,2877440.0
2885,1950304.0
5549,3201344.0
10196,3496624.0
633,2412480.0
5360,2791120.0
984,4399792.0
1099,2248928.0
8811,2637760.0
192,861632.0
603,2760288.0
6803,2435536.0
9065,2607984.0
1043,1258064.0
1371,515328.0
5628,1305920.0
3644,2528656.0
6073,1573584.0
3793,2598496.0
7919,2473568.0
2121,1017584.0
1248,2159616.0
922,1606512.0
8195,823008.0
4539,2035216.0
7801,2300880.0
1789,3056704.0
924,927728.0
6817,2325696.0
12305,2245744.0
6653,1416448.0
10592,3089184.0
5511,2934192.0
2558,2168160.0
2657,1488544.0
314,4215760.0
2661,2620576.0
9527,2002864.0
3420,1296176.0
1622,1376752.0
9070,1220496.0
2407,1107152.0
3772,4442832.0
1858,1809968.0
5639,2620992.0
10954,4277584.0
2481,638224.0
5231,1632128.0
12798,3087968.0
3892,4011168.0
8873,2762416.0
1249,1509440.0
344,2139488.0
10811,2076944.0
9540,1094880.0
253,1746528.0
8123,642032.0
9578,1837184.0
2594,4925904.0
285,2338064.0
9157,3921328.0
2099,3339936.0
12714,2385152.0
919,2436992.0
4275,3233424.0
2984,1393264.0
9547,3286688.0
799,1446320.0
7065,3142864.0
1685,1323056.0
1699,1447920.0
4161,1712016.0
221,2923744.0
7243,2896272.0
1668,2668752.0
11679,3173104.0
964,2915296.0
11977,3295168.0
12718,4801632.0
2480,1973360.0
7697,2751840.0
2954,2647856.0
3934,1524688.0
1291,1712800.0
2055,391232.0
1386,4067408.0
1146,979168.0
7005,2845696.0
284,935760.0
12255,3628624.0
998,2229520.0
10518,970400.0
1359,663952.0
990,1064400.0
163,1327648.0
3363,1569168.0
10,1215040.0
464,2356528.0
10299,362096.0
950,766384.0
10419,2418160.0
9182,3208240.0
2432,1715520.0
12786,4550880.0
10055,1863808.0
4189,2946704.0
6811,1946576.0
856,1447728.0
3944,1039600.0
2049,1417216.0
1599,2419744.0
3510,805760.0
2932,1200240.0
1973,4116208.0
10079,997968.0
1312,951648.0
2155,516960.0
10804,1406768.0
1443,2508592.0
9465,1730544.0
3143,1014736.0
3163,925104.0
5769,3704544.0
12764,2406672.0
10167,4830416.0
3875,1185664.0
259,1272416.0
4896,2423872.0
3137,1386304.0
521,729888.0
7036,3290896.0
11881,5057264.0
4405,1473520.0
8708,1296896.0
2921,416928.0
2189,1786368.0
1399,699152.0
2662,1312816.0
7405,4145856.0
4850,1935376.0
8929,5520112.0
2976,2924144.0
2619,1123360.0
1186,759296.0
12450,2016272.0
7516,1314272.0
4866,4677728.0
817,1910736.0
2819,2013984.0
6627,1762400.0
3423,1184800.0
302,1353776.0
598,2075728.0
2486,1922992.0
4277,2767760.0
2434,1063392.0
10911,2709824.0
76,2421888.0
10213,1778688.0
3504,1953632.0
2379,2027808.0
3299,1978288.0
11604,3659520.0
11895,1883120.0
2353,3261792.0
5187,3344064.0
148,1005888.0
2567,2658784.0
8667,1910400.0
1866,2050000.0
8858,2460832.0
2263,3557648.0
1788,2056704.0
1433,2320752.0
7070,1621440.0
3760,827568.0
332,2507776.0
923,870112.0
1456,2995104.0
6725,3364640.0
9702,2111968.0
4543,2722112.0
3147,2387328.0
1827,809552.0
174,1553424.0
5391,3550464.0
9031,3065904.0
2901,2988544.0
1790,1379168.0
6513,2233232.0
7148,2141616.0
4646,2178784.0
3578,527264.0
1080,1189872.0
5894,2359168.0
6331,1487904.0
1636,1956640.0
1040,3978128.0
3826,1753328.0
8879,2983104.0
2688,3459248.0
2514,967376.0
89,2230144.0
1535,3081952.0
7341,2650816.0
2041,461488.0
362,450208.0
8426,3710208.0
3456,1658256.0
1797,1985584.0
4962,1465488.0
3040,4610480.0
3183,1327104.0
1661,2935424.0
10124,2331008.0
10435,2153872.0
3721,1757856.0
1995,1170960.0
9816,3385472.0
2383,495440.0
12272,1967808.0
1820,2329232.0
1699,1458976.0
1023,1457488.0
1890,1749840.0
3822,1250240.0
2957,1564880.0
4429,1263904.0
4022,2954768.0
3702,5359360.0
6401,1625472.0
932,2167744.0
4351,2568288.0
147,1439552.0
726,920416.0
5460,2549744.0
8732,2939200.0
4292,2737008.0
9867,1922256.0
11816,2611744.0
2874,602768.0
3897,1813024.0
414,3007392.0
1991,2430000.0
2372,991584.0
755,2872160.0
12246,1274304.0
6781,2103392.0
9694,3101360.0
3911,1010784.0
1725,2536544.0
3912,505936.0
1087,1196128.0
9496,1369040.0
1226,925712.0
5383,3301616.0
9834,3207328.0
418,2546736.0
9621,1530400.0
879,5575072.0
3317,5916288.0
1612,1064640.0
3709,3077344.0
4505,2376704.0
11043,2906480.0
830,2617136.0
10141,2303440.0
1060,1405536.0
11130,2222048.0
2802,2743376.0
4999,2448352.0
2946,1071488.0
1194,933792.0
11177,3257200.0
4990,4147840.0
7302,2029280.0
5996,2634544.0
5143,2536112.0
2502,820432.0
1884,3274064.0
11305,2300064.0
1430,1712240.0
4439,1559376.0
10768,4994368.0
10560,1609376.0
539,1625808.0
9739,2620688.0
7493,1201328.0
2613,4624336.0
7420,2522928.0
5294,1729568.0
477,2487216.0
3181,1086416.0
5218,2892000.0
18,1131264.0
1960,1971264.0
7240,2601152.0
2826,2586768.0
1761,1522992.0
6276,2599376.0
2485,2245472.0
1509,2493568.0
10473,2988864.0
1365,5133808.0
3694,1135808.0
3973,1244096.0
2359,1715888.0
6690,4166160.0
7170,2287056.0
2441,1856752.0
2914,3291456.0
2739,949536.0
115,1239424.0
2265,1374544.0
3253,2949888.0
990,4723392.0
2723,1486384.0
2112,1847408.0
1563,1403360.0
12122,6084592.0
2027,2666240.0
1476,1650512.0
4738,2304912.0
796,2838560.0
6205,1766752.0
6320,854672.0
2199,938928.0
2871,2258352.0
3218,1230960.0
646,2532896.0
2924,3796768.0
8782,2798592.0
5336,2303440.0
1604,3066800.0
3447,1180560.0
12206,2160032.0
2184,3164144.0
492,1386160.0
3186,4012896.0
1450,1821232.0
11566,1043568.0
10609,3947824.0
12270,1218352.0
8712,2992112.0
8619,1472496.0
647,1114032.0
11338,1414848.0
6654,1821456.0
11038,1569008.0
11813,1376160.0
12858,2330944.0
12503,1719648.0
2400,1016880.0
1312,1074496.0
6271,1745264.0
10172,4828880.0
2631,2319408.0
871,887056.0
8482,1024048.0
675,1396128.0
189,1967184.0
6939,2084736.0
3941,1376784.0
2246,820624.0
1567,1385632.0
9939,1244576.0
1406,2081008.0
2868,1254144.0
2621,1173712.0
8186,1418240.0
8608,2747968.0
8128,2107520.0
10328,642544.0
504,3134320.0
312,1861392.0
1992,1965632.0
1514,4741472.0
12097,3353392.0
3166,546272.0
48,2874800.0
7670,1509568.0
2488,800128.0
2953,1185888.0
6266,1417248.0
4578,3025984.0
12227,1215328.0
7597,2912000.0
889,2598816.0
7352,3258288.0
10948,1173664.0
6754,2095088.0
3211,1420736.0
8817,1916608.0
434,780096.0
3856,1154624.0
47,1081632.0
3263,1002752.0
865,3667904.0
4897,2540528.0
4160,2476496.0
11299,4384288.0
10969,2498672.0
2222,2540768.0
8510,1146016.0
2849,1971456.0
1517,1290064.0
2581,2981808.0
5455,1223664.0
2515,2624816.0
8354,1386160.0
3678,2104080.0
3533,1436704.0
7560,3757184.0
2931,1642160.0
3009,4092672.0
12164,2004416.0
11593,1564304.0
90,2922880.0
2829,2007312.0
7856,3639744.0
1893,1740992.0
1978,2290112.0
4263,1586800.0
211,1979920.0
9634,1768416.0
884,4315712.0
9846,2587152.0
2298,1657888.0
6445,1858096.0
1447,2048688.0
82,2727408.0
5296,3927088.0
11775,796960.0
2771,707024.0
1524,1221520.0
4181,2069984.0
681,1778160.0
1710,1058016.0
5179,786816.0
5058,2815520.0
6416,1398880.0
111,1186064.0
3457,3634496.0
12425,1883440.0
1420,1676848.0
9955,2664576.0
428,1342176.0
12020,1418768.0
1886,2245168.0
8240,1989824.0
11949,2665936.0
2730,826848.0
3412,3379168.0
12204,891968.0
2358,1546672.0
1042,887088.0
9737,2974384.0
6424,3349712.0
5516,2528032.0
2860,1777600.0
1814,3089392.0
620,938544.0
10075,4724192.0
1960,2852864.0
8350,1794672.0
10630,2124944.0
895,829584.0
7789,818560.0
11556,2006880.0
3296,854640.0
1567,3796928.0
1131,737984.0
1136,1117872.0
1911,866784.0
7792,1706032.0
534,2106128.0
3032,1034000.0
377,1394288.0
1372,1712800.0
2005,2457536.0
5501,2212432.0
289,2031776.0
9729,1894032.0
3790,4118528.0
3526,1148432.0
120,781072.0
11435,2872144.0
5621,2118928.0
10815,1865600.0
2656,1525408.0
5413,1963824.0
3293,1022992.0
7211,1560560.0
3210,3636224.0
6303,2546736.0
8457,2194368.0
2335,1585792.0
2478,2520352.0
12183,1497328.0
3683,3565312.0
12734,2157344.0
1180,2659792.0
11953,1456528.0
6423,5168848.0
9000,1847232.0
8956,918400.0
134,4062416.0
3376,1384080.0
4155,1850864.0
206,2928848.0
1767,1339408.0
11092,1545056.0
4788,910368.0
778,1533824.0
2881,2535536.0
4654,2881472.0
10192,4721360.0
12613,2105088.0
7899,2472256.0
1831,1414928.0
1272,1456576.0
10052,2681600.0
9022,4105520.0
3519,1779696.0
7368,754976.0
662,2591168.0
1187,2073968.0
312,2196896.0
8208,1622016.0
2176,1030528.0
2000,1085312.0
6729,1517088.0
12794,2297328.0
1199,898832.0
793,1762144.0
4644,1604880.0
6850,648224.0
1488,1149488.0
1377,790368.0
3026,2144272.0
8585,1970880.0
1879,1547248.0
2681,1671936.0
9542,3331600.0
2734,2921664.0
3166,1070528.0
10719,2347456.0
1968,948544.0
8085,3263088.0
5795,785744.0
2140,1994944.0
11562,5606704.0
4913,1331792.0
4468,3027216.0
9427,2044368.0
4548,1325408.0
2494,1181856.0
3401,2372784.0
1684,2904128.0
1354,611536.0
10021,1787008.0
9423,1529904.0
227,1460256.0
12177,1294624.0
2727,1690432.0
3824,1068800.0
5642,3026608.0
6477,4177440.0
5953,1580512.0
8791,3275248.0
7441,4687312.0
11602,927392.0
1048,1721280.0
2050,2607088.0
603,754176.0
3285,1183392.0
1389,1204912.0
1836,857408.0
3994,806816.0
8185,2501264.0
2632,1762752.0
3758,4408624.0
675,3442272.0
1232,1163680.0
6779,2192704.0
10030,3388608.0
7908,2273456.0
3558,1277008.0
3861,1898976.0
6965,1369328.0
10731,2532224.0
6774,3248304.0
67,2461760.0
9551,2940048.0
12496,2782336.0
1121,1919776.0
305,1605568.0
11044,1137392.0
1416,1967168.0
3877,2808784.0
693,578928.0
9259,1941696.0
8780,1394784.0
8401,2849392.0
4584,777600.0
1923,1594240.0
242,3357584.0
8491,4403296.0
60,3489424.0
1852,2253168.0
2939,1156064.0
3287,1572928.0
522,1854672.0
2971,1421936.0
12293,3308256.0
5282,2409696.0
32,1037392.0
8797,2452016.0
438,2105424.0
1449,836352.0
718,3411008.0
2850,608176.0
1896,1505680.0
3976,2276688.0
1968,2822816.0
12836,1279600.0
12750,2576832.0
1937,1245584.0
11526,3235280.0
3372,2314448.0
1793,1833952.0
1635,1520032.0
10451,3025280.0
8952,1586336.0
4838,2540816.0
1214,5795376.0
10316,1617984.0
8341,1007840.0
2537,1995488.0
9976,2936848.0
12124,2051056.0
5441,2781136.0
7825,2404992.0
3853,447824.0
1829,2529856.0
2079,1126992.0
2087,1778912.0
9613,2121520.0
10345,2906976.0
3191,1998816.0
2384,2871760.0
10389,1125168.0
4753,1802736.0
1612,3399568.0
12945,976960.0
6363,2523424.0
4169,1740624.0
12172,2603808.0
5583,2109488.0
12950,6631392.0
6448,2309504.0
2406,875344.0
1539,1772880.0
2531,3492352.0
7730,4578336.0
8829,1409056.0
4813,2119376.0
2570,2339280.0
8838,1857600.0
9158,1531248.0
910,2800384.0
1128,2977088.0
3565,4060896.0
5234,2716048.0
379,795424.0
1999,3315744.0
4780,2365360.0
2499,2377664.0
12320,3728512.0
2772,1426000.0
2325,1271776.0
3133,1025904.0
3909,3392288.0
894,2000000.0
3639,571392.0
3576,3210816.0
1783,904032.0
5099,995472.0
943,1093952.0
7765,992160.0
108,706736.0
242,2168160.0
1321,1880496.0
9492,1578320.0
2024,1289136.0
419,2219120.0
3344,1439456.0
998,3778640.0
9475,3318912.0
2770,2263232.0
4070,2053648.0
7752,2169072.0
770,1486048.0
5409,2467744.0
9821,2055376.0
4051,2310064.0
859,1394576.0
12296,1440128.0
8114,2185776.0
11815,2386080.0
6438,1545920.0
2342,3201280.0
10375,4161808.0
911,4050688.0
11516,3091024.0
11829,2197728.0
3702,1531472.0
3309,949120.0
1825,886480.0
9818,532208.0
9399,1842816.0
3391,2672656.0
860,967824.0
376,2286496.0
8854,419728.0
3800,534864.0
1566,1725728.0
1994,3820944.0
2417,1288400.0
5350,1860032.0
2541,2058576.0
4820,2991184.0
5153,2166224.0
1628,2601440.0
11416,3039392.0
12539,1711072.0
8245,2778368.0
7746,2392240.0
7062,1841248.0
12092,3974432.0
3916,1855152.0
1569,767936.0
1208,1287568.0
2696,2701952.0
8772,2312080.0
8532,2688336.0
1264,1052048.0
804,3483648.0
2949,1478384.0
3645,1384448.0
6156,2222272.0
2227,1874608.0
7993,2344192.0
4145,2094128.0
2314,2680592.0
2109,2300432.0
1954,2362992.0
2331,1353856.0
6020,1219568.0
601,1706944.0
6493,1548128.0
2648,2623536.0
183,1660240.0
4706,2205408.0
7850,1374256.0
7404,1924800.0
547,3223104.0
8681,3046080.0
3159,1640864.0
3020,2549040.0
1852,2785600.0
1966,2942560.0
1124,941600.0
10944,4125440.0
11703,1027600.0
632,753216.0
5850,2153936.0
12875,1536624.0
8675,2904368.0
321,2916224.0
10619,1790128.0
4872,3513712.0
9788,617456.0
10183,2404992.0
807,1887968.0
2710,1468368.0
9667,2404416.0
598,568560.0
12577,1979632.0
7973,4370400.0
3345,2444272.0
1665,906560.0
9572,2841952.0
3292,2116160.0
1589,1825296.0
10867,3362288.0
5980,3062880.0
2356,1265424.0
3159,1453024.0
1637,2441056.0
11333,1114160.0
123,1772992.0
2349,2457904.0
2974,1274992.0
3855,3330960.0
10505,2584016.0
11365,1100496.0
1131,1231776.0
1289,1641680.0
640,547632.0
7848,2657168.0
2854,1758752.0
854,3016432.0
2472,3284880.0
8366,3008672.0
3820,2070768.0
2412,3140992.0
3152,1048976.0
727,496752.0
10255,3418944.0
4927,867328.0
9698,1540960.0
1990,1434544.0
10650,1452432.0
8433,3239184.0
454,1554880.0
1292,2386256.0
2381,2101440.0
11259,531680.0
551,2429280.0
6500,2617568.0
5041,1889440.0
6421,940672.0
1452,990880.0
3298,2102512.0
8826,1959584.0
1974,1319760.0
11312,1863808.0
1594,1637312.0
2416,1987584.0
10195,2057248.0
9455,1304624.0
11736,3644720.0
